,Timestamp,ms
0,2019-04-28 14:15:00.304629,0.0
1,2019-04-28 14:15:01.307124,14.935
2,2019-04-28 14:15:02.355814,7.6
3,2019-04-28 14:15:03.399159,7.178
4,2019-04-28 14:15:04.441472,10.587
5,2019-04-28 14:15:05.492138,7.346
6,2019-04-28 14:15:06.625750,7.368
7,2019-04-28 14:15:07.665207,7.832
8,2019-04-28 14:15:08.708403,22.096
9,2019-04-28 14:15:09.768151,9.013
10,2019-04-28 14:15:10.814638,7.39
11,2019-04-28 14:15:11.856889,153.991
12,2019-04-28 14:15:13.044122,111.865
13,2019-04-28 14:15:14.191835,193.23
14,2019-04-28 14:15:15.423999,32.073
15,2019-04-28 14:15:16.501388,35.08
16,2019-04-28 14:15:17.576883,32.436
17,2019-04-28 14:15:18.638709,19.615
18,2019-04-28 14:15:19.697052,32.859
19,2019-04-28 14:15:20.768487,32.633
20,2019-04-28 14:15:21.839243,32.055
21,2019-04-28 14:15:22.909229,32.696
22,2019-04-28 14:15:23.976428,39.834
23,2019-04-28 14:15:25.047737,33.646
24,2019-04-28 14:15:26.129312,36.147
25,2019-04-28 14:15:27.200269,8.965
26,2019-04-28 14:15:28.242855,32.851
27,2019-04-28 14:15:29.308533,7.411
28,2019-04-28 14:15:30.352993,26.804
29,2019-04-28 14:15:31.410803,31.951
30,2019-04-28 14:15:32.478958,34.148
31,2019-04-28 14:15:33.557551,51.433
32,2019-04-28 14:15:34.643455,8.105
33,2019-04-28 14:15:35.691441,8.786
34,2019-04-28 14:15:36.736371,32.785
35,2019-04-28 14:15:37.803603,18.128
36,2019-04-28 14:15:38.853112,35.788
37,2019-04-28 14:15:39.925920,32.657
38,2019-04-28 14:15:40.989598,41.297
39,2019-04-28 14:15:42.066903,33.154
40,2019-04-28 14:15:43.135498,32.021
41,2019-04-28 14:15:44.202424,32.28
42,2019-04-28 14:15:45.268498,25.54
43,2019-04-28 14:15:46.328510,10.715
44,2019-04-28 14:15:47.372663,112.05
45,2019-04-28 14:15:48.519781,7.702
46,2019-04-28 14:15:49.562047,69.087
47,2019-04-28 14:15:50.668795,7.594
48,2019-04-28 14:15:51.709992,7.302
49,2019-04-28 14:15:52.750285,44.084
50,2019-04-28 14:15:53.830192,7.929
51,2019-04-28 14:15:54.883556,38.586
52,2019-04-28 14:15:55.993774,7.687
53,2019-04-28 14:15:57.035994,7.381
54,2019-04-28 14:15:58.077683,46.768
55,2019-04-28 14:15:59.196318,32.016
56,2019-04-28 14:16:00.266660,67.2
57,2019-04-28 14:16:01.364256,44.634
58,2019-04-28 14:16:02.441805,32.274
59,2019-04-28 14:16:03.528096,36.186
60,2019-04-28 14:16:04.635043,17.446
61,2019-04-28 14:16:05.694548,4.645
62,2019-04-28 14:16:06.730485,25.537
63,2019-04-28 14:16:07.795025,32.815
64,2019-04-28 14:16:08.865747,10.187
65,2019-04-28 14:16:09.906067,32.323
66,2019-04-28 14:16:10.971689,103.162
67,2019-04-28 14:16:12.103705,8.142
68,2019-04-28 14:16:13.148615,65.508
69,2019-04-28 14:16:14.244273,32.779
70,2019-04-28 14:16:15.314823,7.99
71,2019-04-28 14:16:16.356918,8.976
72,2019-04-28 14:16:17.444458,32.817
73,2019-04-28 14:16:18.545370,32.952
74,2019-04-28 14:16:19.613579,8.53
75,2019-04-28 14:16:20.657353,55.18
76,2019-04-28 14:16:21.746119,8.611
77,2019-04-28 14:16:22.790787,7.185
78,2019-04-28 14:16:23.834554,6.585
79,2019-04-28 14:16:24.870275,43.672
80,2019-04-28 14:16:25.950964,32.829
81,2019-04-28 14:16:27.014357,27.487
82,2019-04-28 14:16:28.078248,35.439
83,2019-04-28 14:16:29.145156,34.692
84,2019-04-28 14:16:30.214402,34.167
85,2019-04-28 14:16:31.284416,35.851
86,2019-04-28 14:16:32.358375,56.989
87,2019-04-28 14:16:33.448430,8.967
88,2019-04-28 14:16:34.493623,7.871
89,2019-04-28 14:16:35.545708,32.98
90,2019-04-28 14:16:36.615942,32.635
91,2019-04-28 14:16:37.680698,32.415
92,2019-04-28 14:16:38.753226,34.42
93,2019-04-28 14:16:39.819181,32.19
94,2019-04-28 14:16:40.937948,32.862
95,2019-04-28 14:16:42.006007,35.177
96,2019-04-28 14:16:43.076774,32.739
97,2019-04-28 14:16:44.145678,32.876
98,2019-04-28 14:16:45.213322,34.805
99,2019-04-28 14:16:46.316496,32.195
100,2019-04-28 14:16:47.411255,8.188
101,2019-04-28 14:16:48.453540,31.632
102,2019-04-28 14:16:49.523565,7.892
103,2019-04-28 14:16:50.565288,44.954
104,2019-04-28 14:16:51.640090,8.851
105,2019-04-28 14:16:52.687237,36.675
106,2019-04-28 14:16:53.758948,35.67
107,2019-04-28 14:16:54.829050,33.908
108,2019-04-28 14:16:55.900615,57.248
109,2019-04-28 14:16:56.997714,39.563
110,2019-04-28 14:16:58.070908,7.426
111,2019-04-28 14:16:59.116296,32.267
112,2019-04-28 14:17:00.177628,34.098
113,2019-04-28 14:17:01.244418,47.152
114,2019-04-28 14:17:02.325265,33.352
115,2019-04-28 14:17:03.402994,31.124
116,2019-04-28 14:17:04.478219,3.669
117,2019-04-28 14:17:05.516439,31.236
118,2019-04-28 14:17:06.587039,35.929
119,2019-04-28 14:17:07.651764,22.66
120,2019-04-28 14:17:08.706868,33.829
121,2019-04-28 14:17:09.779294,33.066
122,2019-04-28 14:17:10.848928,31.408
123,2019-04-28 14:17:11.921045,8.2
124,2019-04-28 14:17:12.960220,33.424
125,2019-04-28 14:17:14.028137,8.272
126,2019-04-28 14:17:15.070242,31.201
127,2019-04-28 14:17:16.137845,31.999
128,2019-04-28 14:17:17.203390,85.159
129,2019-04-28 14:17:18.328169,7.896
130,2019-04-28 14:17:19.371493,30.714
131,2019-04-28 14:17:20.437230,33.341
132,2019-04-28 14:17:21.504439,8.374
133,2019-04-28 14:17:22.542531,34.175
134,2019-04-28 14:17:23.612051,32.537
135,2019-04-28 14:17:24.679749,32.076
136,2019-04-28 14:17:25.750674,7.787
137,2019-04-28 14:17:26.795036,33.531
138,2019-04-28 14:17:27.863868,52.709
139,2019-04-28 14:17:28.949763,33.663
140,2019-04-28 14:17:30.017385,4.677
141,2019-04-28 14:17:31.062269,31.787
142,2019-04-28 14:17:32.131370,31.4
143,2019-04-28 14:17:33.197408,8.012
144,2019-04-28 14:17:34.234223,32.44
145,2019-04-28 14:17:35.301467,34.803
146,2019-04-28 14:17:36.369520,45.586
147,2019-04-28 14:17:37.446766,54.965
148,2019-04-28 14:17:38.535922,34.211
149,2019-04-28 14:17:39.599366,34.026
150,2019-04-28 14:17:40.663689,32.51
151,2019-04-28 14:17:41.727168,35.081
152,2019-04-28 14:17:42.799899,32.094
153,2019-04-28 14:17:43.867844,31.95
154,2019-04-28 14:17:44.934525,4.38
155,2019-04-28 14:17:45.971059,32.408
156,2019-04-28 14:17:47.035072,7.759
157,2019-04-28 14:17:48.076929,12.527
158,2019-04-28 14:17:49.123824,33.061
159,2019-04-28 14:17:50.193561,6.965
160,2019-04-28 14:17:51.235302,11.884
161,2019-04-28 14:17:52.283755,34.138
162,2019-04-28 14:17:53.355053,31.958
163,2019-04-28 14:17:54.421952,7.209
164,2019-04-28 14:17:55.463296,30.173
165,2019-04-28 14:17:56.523542,32.573
166,2019-04-28 14:17:57.584900,49.681
167,2019-04-28 14:17:58.668269,32.697
168,2019-04-28 14:17:59.736425,48.331
169,2019-04-28 14:18:00.813141,32.055
170,2019-04-28 14:18:01.876728,32.02
171,2019-04-28 14:18:02.943725,7.546
172,2019-04-28 14:18:03.989185,32.017
173,2019-04-28 14:18:05.060993,37.564
174,2019-04-28 14:18:06.133428,44.921
175,2019-04-28 14:18:07.209693,32.226
176,2019-04-28 14:18:08.279508,33.687
177,2019-04-28 14:18:09.349544,45.367
178,2019-04-28 14:18:10.427811,29.492
179,2019-04-28 14:18:11.490788,33.503
180,2019-04-28 14:18:12.557795,36.847
181,2019-04-28 14:18:13.639239,3.978
182,2019-04-28 14:18:14.677379,37.318
183,2019-04-28 14:18:15.747706,33.913
184,2019-04-28 14:18:16.813077,7.611
185,2019-04-28 14:18:17.858058,108.466
186,2019-04-28 14:18:19.003643,31.486
187,2019-04-28 14:18:20.075674,17.991
188,2019-04-28 14:18:21.127581,42.196
189,2019-04-28 14:18:22.201839,31.709
190,2019-04-28 14:18:23.270478,32.926
191,2019-04-28 14:18:24.340273,36.098
192,2019-04-28 14:18:25.411547,28.429
193,2019-04-28 14:18:26.477258,34.502
194,2019-04-28 14:18:27.540787,31.854
195,2019-04-28 14:18:28.604004,35.896
196,2019-04-28 14:18:29.677438,36.863
197,2019-04-28 14:18:30.748148,31.883
198,2019-04-28 14:18:31.813383,9.62
199,2019-04-28 14:18:32.854832,34.43
200,2019-04-28 14:18:33.922185,10.013
201,2019-04-28 14:18:34.966389,32.227
202,2019-04-28 14:18:36.036708,13.319
203,2019-04-28 14:18:37.083835,33.053
204,2019-04-28 14:18:38.154896,8.423
205,2019-04-28 14:18:39.206648,32.075
206,2019-04-28 14:18:40.274720,33.378
207,2019-04-28 14:18:41.338175,32.463
208,2019-04-28 14:18:42.409538,32.347
209,2019-04-28 14:18:43.481694,13.115
210,2019-04-28 14:18:44.526982,33.303
211,2019-04-28 14:18:45.602479,8.352
212,2019-04-28 14:18:46.645817,36.848
213,2019-04-28 14:18:47.712603,32.706
214,2019-04-28 14:18:48.780559,35.578
215,2019-04-28 14:18:49.852244,36.15
216,2019-04-28 14:18:50.923985,34.177
217,2019-04-28 14:18:51.996022,32.438
218,2019-04-28 14:18:53.067318,40.124
219,2019-04-28 14:18:54.141308,32.447
220,2019-04-28 14:18:55.208563,7.724
221,2019-04-28 14:18:56.247148,31.794
222,2019-04-28 14:18:57.310160,27.276
223,2019-04-28 14:18:58.372683,8.078
224,2019-04-28 14:18:59.417820,31.708
225,2019-04-28 14:19:00.483262,10.53
226,2019-04-28 14:19:01.526388,9.859
227,2019-04-28 14:19:02.570028,31.713
228,2019-04-28 14:19:03.636738,31.873
229,2019-04-28 14:19:04.699434,24.533
230,2019-04-28 14:19:05.760268,35.477
231,2019-04-28 14:19:06.829676,129.169
232,2019-04-28 14:19:07.990009,8.714
233,2019-04-28 14:19:09.032689,9.252
234,2019-04-28 14:19:10.079157,38.597
235,2019-04-28 14:19:11.156937,31.932
236,2019-04-28 14:19:12.227751,4.285
237,2019-04-28 14:19:13.262139,31.798
238,2019-04-28 14:19:14.330623,31.639
239,2019-04-28 14:19:15.396706,7.487
240,2019-04-28 14:19:16.439828,67.38
241,2019-04-28 14:19:17.540163,31.937
242,2019-04-28 14:19:18.614044,34.916
243,2019-04-28 14:19:19.697722,31.969
244,2019-04-28 14:19:20.767597,32.053
245,2019-04-28 14:19:21.834391,59.76
246,2019-04-28 14:19:22.932133,7.278
247,2019-04-28 14:19:23.972282,29.511
248,2019-04-28 14:19:25.031521,31.788
249,2019-04-28 14:19:26.100976,9.541
250,2019-04-28 14:19:27.142421,32.752
251,2019-04-28 14:19:28.208761,32.708
252,2019-04-28 14:19:29.273781,31.844
253,2019-04-28 14:19:30.339557,7.447
254,2019-04-28 14:19:31.379437,34.378
255,2019-04-28 14:19:32.446697,32.235
256,2019-04-28 14:19:33.515593,7.464
257,2019-04-28 14:19:34.559189,11.505
258,2019-04-28 14:19:35.601733,33.673
259,2019-04-28 14:19:36.667668,31.365
260,2019-04-28 14:19:37.735653,4.401
261,2019-04-28 14:19:38.779158,32.577
262,2019-04-28 14:19:39.846577,41.929
263,2019-04-28 14:19:40.924473,38.786
264,2019-04-28 14:19:41.999782,4.63
265,2019-04-28 14:19:43.037357,31.96
266,2019-04-28 14:19:44.102510,10.331
267,2019-04-28 14:19:45.147894,32.107
268,2019-04-28 14:19:46.213578,31.68
269,2019-04-28 14:19:47.281101,5.726
270,2019-04-28 14:19:48.315790,7.276
271,2019-04-28 14:19:49.355598,13.013
272,2019-04-28 14:19:50.404717,8.497
273,2019-04-28 14:19:51.444916,31.822
274,2019-04-28 14:19:52.509085,4.545
275,2019-04-28 14:19:53.542104,53.222
276,2019-04-28 14:19:54.634079,7.016
277,2019-04-28 14:19:55.675802,7.156
278,2019-04-28 14:19:56.711389,35.541
279,2019-04-28 14:19:57.779960,35.385
280,2019-04-28 14:19:58.847034,35.196
281,2019-04-28 14:19:59.917949,74.348
282,2019-04-28 14:20:01.029037,29.3
283,2019-04-28 14:20:02.091393,7.955
284,2019-04-28 14:20:03.134575,32.338
285,2019-04-28 14:20:04.204646,31.877
286,2019-04-28 14:20:05.271722,55.527
287,2019-04-28 14:20:06.367022,18.892
288,2019-04-28 14:20:07.420028,51.595
289,2019-04-28 14:20:08.500458,31.818
290,2019-04-28 14:20:09.572753,19.247
291,2019-04-28 14:20:10.623389,44.852
292,2019-04-28 14:20:11.701992,31.998
293,2019-04-28 14:20:12.769305,41.638
294,2019-04-28 14:20:13.846379,24.131
295,2019-04-28 14:20:14.901737,60.631
296,2019-04-28 14:20:15.996854,31.827
297,2019-04-28 14:20:17.066436,7.553
298,2019-04-28 14:20:18.111991,13.013
299,2019-04-28 14:20:19.157559,31.939
300,2019-04-28 14:20:20.226645,33.198
301,2019-04-28 14:20:21.288979,35.776
302,2019-04-28 14:20:22.356404,55.9
303,2019-04-28 14:20:23.442449,31.875
304,2019-04-28 14:20:24.511176,42.587
305,2019-04-28 14:20:25.589064,10.987
306,2019-04-28 14:20:26.635594,31.912
307,2019-04-28 14:20:27.697289,35.081
308,2019-04-28 14:20:28.764560,33.162
309,2019-04-28 14:20:29.834345,33.456
310,2019-04-28 14:20:30.912186,35.881
311,2019-04-28 14:20:31.984502,28.039
312,2019-04-28 14:20:33.051272,13.542
313,2019-04-28 14:20:34.106701,47.633
314,2019-04-28 14:20:35.192655,36.634
315,2019-04-28 14:20:36.265624,26.751
316,2019-04-28 14:20:37.326962,32.153
317,2019-04-28 14:20:38.392525,32.112
318,2019-04-28 14:20:39.463298,9.095
319,2019-04-28 14:20:40.506041,29.975
320,2019-04-28 14:20:41.572523,35.342
321,2019-04-28 14:20:42.640079,32.088
322,2019-04-28 14:20:43.710697,48.433
323,2019-04-28 14:20:44.793626,33.629
324,2019-04-28 14:20:45.862723,31.494
325,2019-04-28 14:20:46.926181,84.303
326,2019-04-28 14:20:48.050296,8.008
327,2019-04-28 14:20:49.088270,33.109
328,2019-04-28 14:20:50.149808,34.072
329,2019-04-28 14:20:51.217634,16.754
330,2019-04-28 14:20:52.269979,32.15
331,2019-04-28 14:20:53.342496,32.466
332,2019-04-28 14:20:54.449773,11.285
333,2019-04-28 14:20:55.498233,32.006
334,2019-04-28 14:20:56.575221,35.402
335,2019-04-28 14:20:57.647570,31.943
336,2019-04-28 14:20:58.778472,36.587
337,2019-04-28 14:20:59.847830,38.103
338,2019-04-28 14:21:00.983265,36.006
339,2019-04-28 14:21:02.053365,33.217
340,2019-04-28 14:21:03.190716,8.414
341,2019-04-28 14:21:04.233707,35.1
342,2019-04-28 14:21:05.310259,37.193
343,2019-04-28 14:21:06.379591,26.039
344,2019-04-28 14:21:07.439465,31.785
345,2019-04-28 14:21:08.506593,46.549
346,2019-04-28 14:21:09.588417,33.179
347,2019-04-28 14:21:10.656557,9.951
348,2019-04-28 14:21:11.693958,32.165
349,2019-04-28 14:21:12.760711,42.166
350,2019-04-28 14:21:13.838426,17.224
351,2019-04-28 14:21:14.897836,42.306
352,2019-04-28 14:21:15.976834,31.946
353,2019-04-28 14:21:17.038071,34.963
354,2019-04-28 14:21:18.102066,9.543
355,2019-04-28 14:21:19.145541,42.881
356,2019-04-28 14:21:20.267903,35.769
357,2019-04-28 14:21:21.337909,6.717
358,2019-04-28 14:21:22.379783,58.8
359,2019-04-28 14:21:23.472105,31.618
360,2019-04-28 14:21:24.543981,11.137
361,2019-04-28 14:21:25.592073,10.237
362,2019-04-28 14:21:26.638133,31.895
363,2019-04-28 14:21:27.706960,9.881
364,2019-04-28 14:21:28.749161,49.348
365,2019-04-28 14:21:29.832605,33.64
366,2019-04-28 14:21:30.904949,11.194
367,2019-04-28 14:21:31.949566,25.349
368,2019-04-28 14:21:33.009172,6.97
369,2019-04-28 14:21:34.047801,7.019
370,2019-04-28 14:21:35.085655,31.847
371,2019-04-28 14:21:36.160447,9.062
372,2019-04-28 14:21:37.200023,31.85
373,2019-04-28 14:21:38.306673,31.819
374,2019-04-28 14:21:39.384105,5.504
375,2019-04-28 14:21:40.424789,32.695
376,2019-04-28 14:21:41.491010,32.092
377,2019-04-28 14:21:42.561510,34.933
378,2019-04-28 14:21:43.632950,4.266
379,2019-04-28 14:21:44.676008,32.216
380,2019-04-28 14:21:45.743559,32.001
381,2019-04-28 14:21:46.811607,73.148
382,2019-04-28 14:21:47.924347,42.313
383,2019-04-28 14:21:49.003441,7.049
384,2019-04-28 14:21:50.045957,38.619
385,2019-04-28 14:21:51.161529,7.206
386,2019-04-28 14:21:52.201189,11.901
387,2019-04-28 14:21:53.244695,7.178
388,2019-04-28 14:21:54.280247,8.95
389,2019-04-28 14:21:55.319453,31.935
390,2019-04-28 14:21:56.385349,32.879
391,2019-04-28 14:21:57.456274,8.23
392,2019-04-28 14:21:58.497146,30.951
393,2019-04-28 14:21:59.563873,57.684
394,2019-04-28 14:22:00.651993,7.884
395,2019-04-28 14:22:01.694354,10.664
396,2019-04-28 14:22:02.734995,51.671
397,2019-04-28 14:22:03.820879,32.019
398,2019-04-28 14:22:04.888160,7.489
399,2019-04-28 14:22:05.932135,38.258
400,2019-04-28 14:22:07.006592,31.764
401,2019-04-28 14:22:08.074491,11.342
402,2019-04-28 14:22:09.118897,9.942
403,2019-04-28 14:22:10.163326,31.758
404,2019-04-28 14:22:11.228715,32.025
405,2019-04-28 14:22:12.294506,76.493
406,2019-04-28 14:22:13.413891,31.469
407,2019-04-28 14:22:14.485440,33.79
408,2019-04-28 14:22:15.552656,129.834
409,2019-04-28 14:22:16.719543,8.805
410,2019-04-28 14:22:17.764020,31.864
411,2019-04-28 14:22:18.830416,33.223
412,2019-04-28 14:22:19.898797,18.017
413,2019-04-28 14:22:20.948963,34.336
414,2019-04-28 14:22:22.016583,31.857
415,2019-04-28 14:22:23.082364,33.75
416,2019-04-28 14:22:24.154501,9.089
417,2019-04-28 14:22:25.197572,31.776
418,2019-04-28 14:22:26.265714,88.164
419,2019-04-28 14:22:27.388056,6.835
420,2019-04-28 14:22:28.427221,31.805
421,2019-04-28 14:22:29.494481,32.358
422,2019-04-28 14:22:30.561713,33.867
423,2019-04-28 14:22:31.623094,14.809
424,2019-04-28 14:22:32.671761,31.768
425,2019-04-28 14:22:33.735139,35.13
426,2019-04-28 14:22:34.805516,32.667
427,2019-04-28 14:22:35.868396,39.745
428,2019-04-28 14:22:36.944606,42.299
429,2019-04-28 14:22:38.018361,8.583
430,2019-04-28 14:22:39.066187,9.22
431,2019-04-28 14:22:40.109647,34.036
432,2019-04-28 14:22:41.176115,33.757
433,2019-04-28 14:22:42.244033,32.717
434,2019-04-28 14:22:43.315552,32.985
435,2019-04-28 14:22:44.385941,31.499
436,2019-04-28 14:22:45.448076,31.898
437,2019-04-28 14:22:46.511911,25.271
438,2019-04-28 14:22:47.570358,33.301
439,2019-04-28 14:22:48.637006,33.584
440,2019-04-28 14:22:49.702431,18.692
441,2019-04-28 14:22:50.759740,32.691
442,2019-04-28 14:22:51.827126,38.638
443,2019-04-28 14:22:52.901884,46.037
444,2019-04-28 14:22:53.982785,39.537
445,2019-04-28 14:22:55.056221,17.381
446,2019-04-28 14:22:56.104580,8.87
447,2019-04-28 14:22:57.145013,38.562
448,2019-04-28 14:22:58.217139,31.756
449,2019-04-28 14:22:59.283146,11.359
450,2019-04-28 14:23:00.328520,103.882
451,2019-04-28 14:23:01.464639,31.353
452,2019-04-28 14:23:02.529687,9.388
453,2019-04-28 14:23:03.577003,33.013
454,2019-04-28 14:23:04.646468,42.692
455,2019-04-28 14:23:05.724946,35.614
456,2019-04-28 14:23:06.796532,32.589
457,2019-04-28 14:23:07.861965,4.424
458,2019-04-28 14:23:08.904938,33.014
459,2019-04-28 14:23:09.970058,31.575
460,2019-04-28 14:23:11.105980,31.341
461,2019-04-28 14:23:12.172808,16.908
462,2019-04-28 14:23:13.227835,33.961
463,2019-04-28 14:23:14.296645,32.97
464,2019-04-28 14:23:15.369118,34.803
465,2019-04-28 14:23:16.435172,35.781
466,2019-04-28 14:23:17.507779,32.909
467,2019-04-28 14:23:18.575705,70.673
468,2019-04-28 14:23:19.709109,33.518
469,2019-04-28 14:23:20.806200,8.572
470,2019-04-28 14:23:21.872812,32.655
471,2019-04-28 14:23:22.946796,33.66
472,2019-04-28 14:23:24.013284,14.986
473,2019-04-28 14:23:25.090636,33.417
474,2019-04-28 14:23:26.188031,34.702
475,2019-04-28 14:23:27.254454,14.174
476,2019-04-28 14:23:28.344945,65.311
477,2019-04-28 14:23:29.447349,32.796
478,2019-04-28 14:23:30.561569,4.052
479,2019-04-28 14:23:31.610543,20.329
480,2019-04-28 14:23:32.665687,10.03
481,2019-04-28 14:23:33.714752,32.484
482,2019-04-28 14:23:34.792411,33.421
483,2019-04-28 14:23:35.862745,51.076
484,2019-04-28 14:23:36.945422,34.048
485,2019-04-28 14:23:38.027494,91.076
486,2019-04-28 14:23:39.159221,27.504
487,2019-04-28 14:23:40.219080,33.175
488,2019-04-28 14:23:41.282368,11.648
489,2019-04-28 14:23:42.328708,36.67
490,2019-04-28 14:23:43.443729,32.599
491,2019-04-28 14:23:44.512821,32.655
492,2019-04-28 14:23:45.597301,29.594
493,2019-04-28 14:23:46.660533,97.294
494,2019-04-28 14:23:47.790260,35.315
495,2019-04-28 14:23:48.869458,35.02
496,2019-04-28 14:23:49.944161,7.655
497,2019-04-28 14:23:50.989719,26.692
498,2019-04-28 14:23:52.051223,10.612
499,2019-04-28 14:23:53.096382,10.837
500,2019-04-28 14:23:54.144241,34.771
501,2019-04-28 14:23:55.212011,34.078
502,2019-04-28 14:23:56.284164,25.977
503,2019-04-28 14:23:57.344210,10.0
504,2019-04-28 14:23:58.388131,32.746
505,2019-04-28 14:23:59.456540,32.547
506,2019-04-28 14:24:00.525577,44.349
507,2019-04-28 14:24:01.603052,4.046
508,2019-04-28 14:24:02.638827,34.683
509,2019-04-28 14:24:03.712250,32.356
510,2019-04-28 14:24:04.779402,8.71
511,2019-04-28 14:24:05.823011,32.445
512,2019-04-28 14:24:06.891635,51.601
513,2019-04-28 14:24:07.989067,10.172
514,2019-04-28 14:24:09.033201,13.194
515,2019-04-28 14:24:10.083565,32.375
516,2019-04-28 14:24:11.152090,7.188
517,2019-04-28 14:24:12.193374,34.751
518,2019-04-28 14:24:13.265320,32.65
519,2019-04-28 14:24:14.330163,35.402
520,2019-04-28 14:24:15.398785,10.232
521,2019-04-28 14:24:16.439460,32.701
522,2019-04-28 14:24:17.505602,35.26
523,2019-04-28 14:24:18.590036,33.216
524,2019-04-28 14:24:19.658444,96.801
525,2019-04-28 14:24:20.791956,32.44
526,2019-04-28 14:24:21.857234,23.421
527,2019-04-28 14:24:22.912950,37.739
528,2019-04-28 14:24:23.989103,31.358
529,2019-04-28 14:24:25.052424,40.751
530,2019-04-28 14:24:26.123594,8.01
531,2019-04-28 14:24:27.166220,7.242
532,2019-04-28 14:24:28.208924,32.389
533,2019-04-28 14:24:29.277571,35.655
534,2019-04-28 14:24:30.345689,32.397
535,2019-04-28 14:24:31.412104,31.189
536,2019-04-28 14:24:32.478761,44.34
537,2019-04-28 14:24:33.557602,7.944
538,2019-04-28 14:24:34.599497,8.942
539,2019-04-28 14:24:35.643401,33.79
540,2019-04-28 14:24:36.713547,60.038
541,2019-04-28 14:24:37.809786,31.458
542,2019-04-28 14:24:38.876592,34.628
543,2019-04-28 14:24:39.950594,33.621
544,2019-04-28 14:24:41.021087,32.652
545,2019-04-28 14:24:42.090616,8.63
546,2019-04-28 14:24:43.134505,69.621
547,2019-04-28 14:24:44.238230,32.776
548,2019-04-28 14:24:45.309637,7.081
549,2019-04-28 14:24:46.351708,33.483
550,2019-04-28 14:24:47.418944,8.779
551,2019-04-28 14:24:48.463868,31.872
552,2019-04-28 14:24:49.530158,9.784
553,2019-04-28 14:24:50.577805,35.377
554,2019-04-28 14:24:51.644303,9.66
555,2019-04-28 14:24:52.690029,7.326
556,2019-04-28 14:24:53.732006,32.979
557,2019-04-28 14:24:54.794666,32.983
558,2019-04-28 14:24:55.859106,29.249
559,2019-04-28 14:24:56.923379,32.452
560,2019-04-28 14:24:57.991372,16.318
561,2019-04-28 14:24:59.044976,7.088
562,2019-04-28 14:25:00.084858,8.544
563,2019-04-28 14:25:01.125946,39.457
564,2019-04-28 14:25:02.204287,82.07
565,2019-04-28 14:25:03.318430,23.943
566,2019-04-28 14:25:04.383449,5.285
567,2019-04-28 14:25:05.428969,32.701
568,2019-04-28 14:25:06.494964,32.515
569,2019-04-28 14:25:07.560934,9.323
570,2019-04-28 14:25:08.611168,32.948
571,2019-04-28 14:25:09.680932,32.344
572,2019-04-28 14:25:10.744451,17.528
573,2019-04-28 14:25:11.791346,62.943
574,2019-04-28 14:25:12.891303,57.196
575,2019-04-28 14:25:13.983116,149.805
576,2019-04-28 14:25:15.169751,108.858
577,2019-04-28 14:25:16.314550,32.914
578,2019-04-28 14:25:17.383239,32.669
579,2019-04-28 14:25:18.451385,7.274
580,2019-04-28 14:25:19.495860,29.682
581,2019-04-28 14:25:20.556728,32.982
582,2019-04-28 14:25:21.620488,32.685
583,2019-04-28 14:25:22.683703,15.168
584,2019-04-28 14:25:23.734317,32.148
585,2019-04-28 14:25:24.799813,37.343
586,2019-04-28 14:25:25.873346,7.448
587,2019-04-28 14:25:26.918873,7.376
588,2019-04-28 14:25:27.962500,17.949
589,2019-04-28 14:25:29.018031,8.025
590,2019-04-28 14:25:30.063634,8.723
591,2019-04-28 14:25:31.105221,33.982
592,2019-04-28 14:25:32.173725,32.695
593,2019-04-28 14:25:33.240564,8.641
594,2019-04-28 14:25:34.283580,4.547
595,2019-04-28 14:25:35.325213,32.606
596,2019-04-28 14:25:36.392267,54.195
597,2019-04-28 14:25:37.477956,34.555
598,2019-04-28 14:25:38.570897,32.68
599,2019-04-28 14:25:39.639303,8.587
600,2019-04-28 14:25:40.681192,6.085
601,2019-04-28 14:25:41.721773,11.14
602,2019-04-28 14:25:42.763825,31.672
603,2019-04-28 14:25:43.833391,7.264
604,2019-04-28 14:25:44.878330,7.936
605,2019-04-28 14:25:45.922500,32.33
606,2019-04-28 14:25:46.986229,1000.0
607,2019-04-28 14:25:59.024513,32.205
608,2019-04-28 14:26:00.092110,51.753
609,2019-04-28 14:26:01.178293,6.98
610,2019-04-28 14:26:02.221285,33.984
611,2019-04-28 14:26:03.285859,3.919
612,2019-04-28 14:26:04.319756,7.294
613,2019-04-28 14:26:05.360219,33.206
614,2019-04-28 14:26:06.429216,10.147
615,2019-04-28 14:26:07.470496,36.009
616,2019-04-28 14:26:08.541065,32.709
617,2019-04-28 14:26:09.609308,24.371
618,2019-04-28 14:26:10.673862,7.537
619,2019-04-28 14:26:11.715139,36.968
620,2019-04-28 14:26:12.788086,8.248
621,2019-04-28 14:26:13.828945,7.297
622,2019-04-28 14:26:14.875895,33.338
623,2019-04-28 14:26:15.941844,7.453
624,2019-04-28 14:26:16.985399,7.81
625,2019-04-28 14:26:18.028620,32.687
626,2019-04-28 14:26:19.132169,32.76
627,2019-04-28 14:26:20.202348,46.046
628,2019-04-28 14:26:21.283477,30.173
629,2019-04-28 14:26:22.349194,24.981
630,2019-04-28 14:26:23.413800,87.44
631,2019-04-28 14:26:24.534593,7.11
632,2019-04-28 14:26:25.573363,44.877
633,2019-04-28 14:26:26.646453,32.218
634,2019-04-28 14:26:27.718148,32.036
635,2019-04-28 14:26:28.787919,7.552
636,2019-04-28 14:26:29.828872,32.553
637,2019-04-28 14:26:30.900313,37.491
638,2019-04-28 14:26:31.974826,31.955
639,2019-04-28 14:26:33.043034,32.776
640,2019-04-28 14:26:34.109577,7.887
641,2019-04-28 14:26:35.151689,32.148
642,2019-04-28 14:26:36.218045,5.376
643,2019-04-28 14:26:37.260770,32.819
644,2019-04-28 14:26:38.326420,9.401
645,2019-04-28 14:26:39.370515,33.53
646,2019-04-28 14:26:40.444194,33.111
647,2019-04-28 14:26:41.510280,43.252
648,2019-04-28 14:26:42.584947,7.814
649,2019-04-28 14:26:43.624813,53.5
650,2019-04-28 14:26:44.715342,32.672
651,2019-04-28 14:26:45.782766,34.008
652,2019-04-28 14:26:46.849295,11.178
653,2019-04-28 14:26:47.895038,32.538
654,2019-04-28 14:26:48.965616,7.528
655,2019-04-28 14:26:50.009814,7.3
656,2019-04-28 14:26:51.048172,31.962
657,2019-04-28 14:26:52.116637,12.688
658,2019-04-28 14:26:53.164689,35.748
659,2019-04-28 14:26:54.235439,4.662
660,2019-04-28 14:26:55.275638,32.442
661,2019-04-28 14:26:56.345459,61.429
662,2019-04-28 14:26:57.435321,39.86
663,2019-04-28 14:26:58.512724,32.762
664,2019-04-28 14:26:59.581613,32.733
665,2019-04-28 14:27:00.654470,7.538
666,2019-04-28 14:27:01.693653,7.454
667,2019-04-28 14:27:02.738091,36.354
668,2019-04-28 14:27:03.809508,40.933
669,2019-04-28 14:27:04.887260,33.805
670,2019-04-28 14:27:05.954303,35.607
671,2019-04-28 14:27:07.026799,34.199
672,2019-04-28 14:27:08.095573,3.798
673,2019-04-28 14:27:09.137742,18.037
674,2019-04-28 14:27:10.188803,32.71
675,2019-04-28 14:27:11.254493,33.222
676,2019-04-28 14:27:12.317909,8.45
677,2019-04-28 14:27:13.359391,9.43
678,2019-04-28 14:27:14.401595,32.339
679,2019-04-28 14:27:15.474263,3.942
680,2019-04-28 14:27:16.513337,34.422
681,2019-04-28 14:27:17.583740,32.296
682,2019-04-28 14:27:18.656637,37.618
683,2019-04-28 14:27:19.729464,29.458
684,2019-04-28 14:27:20.796789,53.334
685,2019-04-28 14:27:21.884818,32.744
686,2019-04-28 14:27:22.952706,32.048
687,2019-04-28 14:27:24.017028,213.564
688,2019-04-28 14:27:25.276016,71.372
689,2019-04-28 14:27:26.376792,32.22
690,2019-04-28 14:27:27.445897,4.104
691,2019-04-28 14:27:28.485985,7.822
692,2019-04-28 14:27:29.529249,32.542
693,2019-04-28 14:27:30.597082,7.369
694,2019-04-28 14:27:31.639093,68.65
695,2019-04-28 14:27:32.743554,32.795
696,2019-04-28 14:27:33.814995,7.944
697,2019-04-28 14:27:34.857414,9.66
698,2019-04-28 14:27:35.907805,32.08
699,2019-04-28 14:27:36.978548,34.857
700,2019-04-28 14:27:38.050160,35.631
701,2019-04-28 14:27:39.121752,32.783
702,2019-04-28 14:27:40.189894,31.625
703,2019-04-28 14:27:41.256226,7.897
704,2019-04-28 14:27:42.298990,9.397
705,2019-04-28 14:27:43.342999,11.923
706,2019-04-28 14:27:44.387773,32.045
707,2019-04-28 14:27:45.453503,33.364
708,2019-04-28 14:27:46.525380,31.958
709,2019-04-28 14:27:47.593400,7.935
710,2019-04-28 14:27:48.637918,7.227
711,2019-04-28 14:27:49.684185,33.395
712,2019-04-28 14:27:50.757240,26.768
713,2019-04-28 14:27:51.816466,8.847
714,2019-04-28 14:27:52.858557,33.899
715,2019-04-28 14:27:53.927798,35.538
716,2019-04-28 14:27:55.001987,44.472
717,2019-04-28 14:27:56.077210,32.691
718,2019-04-28 14:27:57.144050,43.136
719,2019-04-28 14:27:58.224595,32.513
720,2019-04-28 14:27:59.292508,7.141
721,2019-04-28 14:28:00.334731,7.526
722,2019-04-28 14:28:01.374567,41.363
723,2019-04-28 14:28:02.450288,32.625
724,2019-04-28 14:28:03.516799,49.18
725,2019-04-28 14:28:04.598106,65.942
726,2019-04-28 14:28:05.698349,33.235
727,2019-04-28 14:28:06.768096,7.652
728,2019-04-28 14:28:07.813965,9.089
729,2019-04-28 14:28:08.854805,34.528
730,2019-04-28 14:28:09.925121,51.883
731,2019-04-28 14:28:11.013929,33.53
732,2019-04-28 14:28:12.079123,52.209
733,2019-04-28 14:28:13.169721,32.715
734,2019-04-28 14:28:14.238923,32.815
735,2019-04-28 14:28:15.307511,9.205
736,2019-04-28 14:28:16.351000,32.681
737,2019-04-28 14:28:17.418889,32.07
738,2019-04-28 14:28:18.488020,8.533
739,2019-04-28 14:28:19.532025,46.606
740,2019-04-28 14:28:20.615261,33.718
741,2019-04-28 14:28:21.681271,45.312
742,2019-04-28 14:28:22.758257,5.241
743,2019-04-28 14:28:23.792406,32.977
744,2019-04-28 14:28:24.888565,7.954
745,2019-04-28 14:28:26.064535,31.382
746,2019-04-28 14:28:27.130738,32.738
747,2019-04-28 14:28:28.198920,32.983
748,2019-04-28 14:28:29.266093,32.349
749,2019-04-28 14:28:30.327489,8.538
750,2019-04-28 14:28:31.367248,34.814
751,2019-04-28 14:28:32.436759,32.707
752,2019-04-28 14:28:33.508335,5.221
753,2019-04-28 14:28:34.554292,32.582
754,2019-04-28 14:28:35.616370,33.024
755,2019-04-28 14:28:36.682328,41.563
756,2019-04-28 14:28:37.759180,13.522
757,2019-04-28 14:28:38.807181,8.229
758,2019-04-28 14:28:39.852481,35.815
759,2019-04-28 14:28:40.924409,7.954
760,2019-04-28 14:28:41.966398,32.582
761,2019-04-28 14:28:43.030487,27.976
762,2019-04-28 14:28:44.089352,11.012
763,2019-04-28 14:28:45.130651,303.111
764,2019-04-28 14:28:46.467408,60.67
765,2019-04-28 14:28:47.570166,7.973
766,2019-04-28 14:28:48.617812,7.07
767,2019-04-28 14:28:49.653514,51.918
768,2019-04-28 14:28:50.739362,32.595
769,2019-04-28 14:28:51.805013,32.206
770,2019-04-28 14:28:52.876085,7.139
771,2019-04-28 14:28:53.916925,32.48
772,2019-04-28 14:28:54.981184,33.233
773,2019-04-28 14:28:56.048480,47.814
774,2019-04-28 14:28:57.135047,34.369
775,2019-04-28 14:28:58.204387,32.519
776,2019-04-28 14:28:59.272237,9.679
777,2019-04-28 14:29:00.315896,7.072
778,2019-04-28 14:29:01.357223,20.776
779,2019-04-28 14:29:02.416245,32.62
780,2019-04-28 14:29:03.482057,33.824
781,2019-04-28 14:29:04.551692,7.513
782,2019-04-28 14:29:05.598726,108.467
783,2019-04-28 14:29:06.744783,7.156
784,2019-04-28 14:29:07.788412,8.66
785,2019-04-28 14:29:08.831632,8.097
786,2019-04-28 14:29:09.875953,35.155
787,2019-04-28 14:29:10.942863,1000.0
788,2019-04-28 14:29:22.985318,3.979
789,2019-04-28 14:29:24.023883,32.478
790,2019-04-28 14:29:25.090967,5.315
791,2019-04-28 14:29:26.128396,7.622
792,2019-04-28 14:29:27.170982,34.19
793,2019-04-28 14:29:28.241384,50.999
794,2019-04-28 14:29:29.334509,8.001
795,2019-04-28 14:29:30.392627,9.04
796,2019-04-28 14:29:31.437014,32.658
797,2019-04-28 14:29:32.508287,32.684
798,2019-04-28 14:29:33.727954,33.597
799,2019-04-28 14:29:34.935909,3.969
800,2019-04-28 14:29:35.969036,35.787
801,2019-04-28 14:29:37.040645,32.227
802,2019-04-28 14:29:38.105671,7.031
803,2019-04-28 14:29:39.142780,34.714
804,2019-04-28 14:29:40.210908,32.687
805,2019-04-28 14:29:41.273480,69.509
806,2019-04-28 14:29:42.377557,8.491
807,2019-04-28 14:29:43.419738,33.97
808,2019-04-28 14:29:44.487930,33.904
809,2019-04-28 14:29:45.560688,88.532
810,2019-04-28 14:29:46.685815,8.229
811,2019-04-28 14:29:47.731094,32.792
812,2019-04-28 14:29:48.796610,7.492
813,2019-04-28 14:29:49.835040,15.049
814,2019-04-28 14:29:50.877879,7.342
815,2019-04-28 14:29:51.921008,39.404
816,2019-04-28 14:29:52.992768,33.323
817,2019-04-28 14:29:54.058975,33.867
818,2019-04-28 14:29:55.127487,34.534
819,2019-04-28 14:29:56.197807,7.627
820,2019-04-28 14:29:57.237916,40.251
821,2019-04-28 14:29:58.313977,32.537
822,2019-04-28 14:29:59.382932,32.874
823,2019-04-28 14:30:00.448363,7.54
824,2019-04-28 14:30:01.488731,31.769
825,2019-04-28 14:30:02.558071,34.127
826,2019-04-28 14:30:03.620729,6.961
827,2019-04-28 14:30:04.659039,31.873
828,2019-04-28 14:30:05.726046,51.318
829,2019-04-28 14:30:06.815100,7.283
830,2019-04-28 14:30:07.852008,50.487
831,2019-04-28 14:30:09.010869,146.315
832,2019-04-28 14:30:10.250098,32.605
833,2019-04-28 14:30:11.313554,19.76
834,2019-04-28 14:30:12.417309,7.566
835,2019-04-28 14:30:13.514226,37.205
836,2019-04-28 14:30:14.608680,32.424
837,2019-04-28 14:30:15.674498,32.051
838,2019-04-28 14:30:16.745201,35.753
839,2019-04-28 14:30:17.817370,32.584
840,2019-04-28 14:30:18.883440,7.889
841,2019-04-28 14:30:19.925960,46.818
842,2019-04-28 14:30:21.004621,49.946
843,2019-04-28 14:30:22.089964,32.789
844,2019-04-28 14:30:23.159763,3.918
845,2019-04-28 14:30:24.194832,32.587
846,2019-04-28 14:30:25.282756,32.495
847,2019-04-28 14:30:26.353906,38.988
848,2019-04-28 14:30:27.510885,7.62
849,2019-04-28 14:30:28.555650,32.626
850,2019-04-28 14:30:29.620226,32.816
851,2019-04-28 14:30:30.687190,50.9
852,2019-04-28 14:30:31.764967,1000.0
853,2019-04-28 14:30:43.801551,28.326
854,2019-04-28 14:30:44.867177,32.543
855,2019-04-28 14:30:45.987289,43.313
856,2019-04-28 14:30:47.071860,16.965
857,2019-04-28 14:30:48.122400,32.621
858,2019-04-28 14:30:49.185455,17.976
859,2019-04-28 14:30:50.238765,33.009
860,2019-04-28 14:30:51.302386,152.822
861,2019-04-28 14:30:52.488934,31.836
862,2019-04-28 14:30:53.550857,32.552
863,2019-04-28 14:30:54.613891,47.713
864,2019-04-28 14:30:55.694070,32.449
865,2019-04-28 14:30:56.770430,32.55
866,2019-04-28 14:30:57.847431,300.739
867,2019-04-28 14:30:59.184513,7.329
868,2019-04-28 14:31:00.226084,32.743
869,2019-04-28 14:31:01.288277,44.842
870,2019-04-28 14:31:02.368270,32.061
871,2019-04-28 14:31:03.432478,7.185
872,2019-04-28 14:31:04.472254,7.017
873,2019-04-28 14:31:05.509616,32.612
874,2019-04-28 14:31:06.580196,35.13
875,2019-04-28 14:31:07.669853,33.106
876,2019-04-28 14:31:08.823265,32.956
877,2019-04-28 14:31:09.930958,32.744
878,2019-04-28 14:31:10.998411,33.9
879,2019-04-28 14:31:12.136580,35.52
880,2019-04-28 14:31:13.239673,62.379
881,2019-04-28 14:31:14.339113,32.14
882,2019-04-28 14:31:15.407589,17.787
883,2019-04-28 14:31:16.460588,54.39
884,2019-04-28 14:31:17.545197,32.654
885,2019-04-28 14:31:18.610232,115.631
886,2019-04-28 14:31:19.756472,1000.0
887,2019-04-28 14:31:31.795067,30.724
888,2019-04-28 14:31:32.859534,33.768
889,2019-04-28 14:31:33.929539,80.839
890,2019-04-28 14:31:35.044368,4.246
891,2019-04-28 14:31:36.091766,33.73
892,2019-04-28 14:31:37.161356,58.408
893,2019-04-28 14:31:38.252926,32.062
894,2019-04-28 14:31:39.317627,8.139
895,2019-04-28 14:31:40.362305,34.085
896,2019-04-28 14:31:41.432207,7.471
897,2019-04-28 14:31:42.473414,9.213
898,2019-04-28 14:31:43.519618,32.577
899,2019-04-28 14:31:44.593519,11.035
900,2019-04-28 14:31:45.639233,31.822
901,2019-04-28 14:31:46.701753,4.779
902,2019-04-28 14:31:47.738857,32.414
903,2019-04-28 14:31:48.808216,9.662
904,2019-04-28 14:31:49.850995,6.265
905,2019-04-28 14:31:50.892417,31.979
906,2019-04-28 14:31:51.958040,7.294
907,2019-04-28 14:31:52.997721,35.223
908,2019-04-28 14:31:54.064906,10.643
909,2019-04-28 14:31:55.107885,41.17
910,2019-04-28 14:31:56.183989,8.953
911,2019-04-28 14:31:57.225609,61.989
912,2019-04-28 14:31:58.369549,32.619
913,2019-04-28 14:31:59.434677,39.549
914,2019-04-28 14:32:00.529930,18.645
915,2019-04-28 14:32:01.672876,33.713
916,2019-04-28 14:32:02.740624,40.295
917,2019-04-28 14:32:03.858549,7.868
918,2019-04-28 14:32:04.905714,3.959
919,2019-04-28 14:32:05.971973,45.152
920,2019-04-28 14:32:07.047476,32.34
921,2019-04-28 14:32:08.111916,32.115
922,2019-04-28 14:32:09.177973,38.097
923,2019-04-28 14:32:10.263187,32.734
924,2019-04-28 14:32:11.328443,49.495
925,2019-04-28 14:32:12.419979,8.42
926,2019-04-28 14:32:13.459559,51.546
927,2019-04-28 14:32:14.544258,32.001
928,2019-04-28 14:32:15.611211,3.904
929,2019-04-28 14:32:16.647346,32.605
930,2019-04-28 14:32:17.714065,31.89
931,2019-04-28 14:32:18.793758,36.61
932,2019-04-28 14:32:19.866372,14.956
933,2019-04-28 14:32:20.917079,55.733
934,2019-04-28 14:32:22.004827,32.586
935,2019-04-28 14:32:23.072920,34.274
936,2019-04-28 14:32:24.140099,32.543
937,2019-04-28 14:32:25.202300,7.261
938,2019-04-28 14:32:26.245007,31.964
939,2019-04-28 14:32:27.312452,32.73
940,2019-04-28 14:32:28.384950,36.023
941,2019-04-28 14:32:29.458521,1000.0
942,2019-04-28 14:32:41.550888,32.736
943,2019-04-28 14:32:42.724460,7.393
944,2019-04-28 14:32:43.781594,32.945
945,2019-04-28 14:32:44.859995,32.557
946,2019-04-28 14:32:45.942742,7.725
947,2019-04-28 14:32:46.982603,5.581
948,2019-04-28 14:32:48.024491,32.89
949,2019-04-28 14:32:49.091284,59.667
950,2019-04-28 14:32:50.179616,92.44
951,2019-04-28 14:32:51.314966,32.611
952,2019-04-28 14:32:52.388782,57.41
953,2019-04-28 14:32:53.485340,32.6
954,2019-04-28 14:32:54.551713,22.128
955,2019-04-28 14:32:55.610015,151.84
956,2019-04-28 14:32:56.798822,32.656
957,2019-04-28 14:32:57.863984,31.48
958,2019-04-28 14:32:58.932581,7.954
959,2019-04-28 14:32:59.975415,33.621
960,2019-04-28 14:33:01.041480,4.002
961,2019-04-28 14:33:02.081342,7.861
962,2019-04-28 14:33:03.122520,35.127
963,2019-04-28 14:33:04.278142,9.744
964,2019-04-28 14:33:05.330638,7.942
965,2019-04-28 14:33:06.372576,29.428
966,2019-04-28 14:33:07.435510,34.887
967,2019-04-28 14:33:08.506448,32.532
968,2019-04-28 14:33:09.582331,36.126
969,2019-04-28 14:33:10.659062,9.157
970,2019-04-28 14:33:11.757775,32.124
971,2019-04-28 14:33:12.825075,7.341
972,2019-04-28 14:33:13.864084,32.647
973,2019-04-28 14:33:14.929324,33.406
974,2019-04-28 14:33:15.994554,83.785
975,2019-04-28 14:33:17.113654,7.319
976,2019-04-28 14:33:18.154715,32.577
977,2019-04-28 14:33:19.222416,33.914
978,2019-04-28 14:33:20.288075,33.754
979,2019-04-28 14:33:21.352867,32.246
980,2019-04-28 14:33:22.421033,31.778
981,2019-04-28 14:33:23.490510,7.547
982,2019-04-28 14:33:24.534203,8.764
983,2019-04-28 14:33:25.582832,32.671
984,2019-04-28 14:33:26.647432,32.465
985,2019-04-28 14:33:27.716682,12.722
986,2019-04-28 14:33:28.764249,34.871
987,2019-04-28 14:33:29.829099,16.876
988,2019-04-28 14:33:30.881722,36.58
989,2019-04-28 14:33:31.954786,8.42
990,2019-04-28 14:33:32.999302,32.642
991,2019-04-28 14:33:34.065929,63.005
992,2019-04-28 14:33:35.168779,33.57
993,2019-04-28 14:33:36.233760,221.349
994,2019-04-28 14:33:37.489976,32.508
995,2019-04-28 14:33:38.556269,8.684
996,2019-04-28 14:33:39.600131,1000.0
997,2019-04-28 14:33:51.714595,10.163
998,2019-04-28 14:33:52.774439,41.506
999,2019-04-28 14:33:53.852674,32.818
1000,2019-04-28 14:33:54.920891,7.819
1001,2019-04-28 14:33:55.962244,20.53
1002,2019-04-28 14:33:57.014512,34.262
1003,2019-04-28 14:33:58.081260,82.935
1004,2019-04-28 14:33:59.197405,24.775
1005,2019-04-28 14:34:00.258812,33.064
1006,2019-04-28 14:34:01.321953,8.243
1007,2019-04-28 14:34:02.361075,20.783
1008,2019-04-28 14:34:03.413900,33.339
1009,2019-04-28 14:34:04.509938,7.855
1010,2019-04-28 14:34:05.558354,7.793
1011,2019-04-28 14:34:06.602328,35.64
1012,2019-04-28 14:34:07.670946,52.655
1013,2019-04-28 14:34:08.758275,32.711
1014,2019-04-28 14:34:09.822760,8.032
1015,2019-04-28 14:34:10.864617,34.592
1016,2019-04-28 14:34:11.935382,32.826
1017,2019-04-28 14:34:13.002308,62.802
1018,2019-04-28 14:34:14.100126,33.655
1019,2019-04-28 14:34:15.169092,32.502
1020,2019-04-28 14:34:16.236560,32.79
1021,2019-04-28 14:34:17.305298,7.455
1022,2019-04-28 14:34:18.347693,38.78
1023,2019-04-28 14:34:19.416487,35.04
1024,2019-04-28 14:34:20.486532,32.048
1025,2019-04-28 14:34:21.551913,11.414
1026,2019-04-28 14:34:22.597892,32.653
1027,2019-04-28 14:34:23.667701,32.596
1028,2019-04-28 14:34:24.735352,32.133
1029,2019-04-28 14:34:25.801792,32.74
1030,2019-04-28 14:34:26.871511,32.611
1031,2019-04-28 14:34:27.934631,16.644
1032,2019-04-28 14:34:28.986168,5.122
1033,2019-04-28 14:34:30.025725,8.208
1034,2019-04-28 14:34:31.069419,10.407
1035,2019-04-28 14:34:32.115669,33.688
1036,2019-04-28 14:34:33.186905,34.424
1037,2019-04-28 14:34:34.254779,55.413
1038,2019-04-28 14:34:35.345483,239.882
1039,2019-04-28 14:34:36.617759,120.761
1040,2019-04-28 14:34:37.773753,32.527
1041,2019-04-28 14:34:38.841697,40.286
1042,2019-04-28 14:34:39.916322,7.935
1043,2019-04-28 14:34:40.954596,35.153
1044,2019-04-28 14:34:42.025311,40.984
1045,2019-04-28 14:34:43.104719,32.764
1046,2019-04-28 14:34:44.171420,32.732
1047,2019-04-28 14:34:45.243704,37.138
1048,2019-04-28 14:34:46.310146,32.592
1049,2019-04-28 14:34:47.374292,15.512
1050,2019-04-28 14:34:48.426005,46.293
1051,2019-04-28 14:34:49.509056,32.522
1052,2019-04-28 14:34:50.576031,36.802
1053,2019-04-28 14:34:51.642788,37.236
1054,2019-04-28 14:34:52.713228,31.677
1055,2019-04-28 14:34:53.780228,32.508
1056,2019-04-28 14:34:54.850160,36.915
1057,2019-04-28 14:34:55.919048,32.435
1058,2019-04-28 14:34:56.979017,7.198
1059,2019-04-28 14:34:58.013112,18.27
1060,2019-04-28 14:34:59.066128,8.366
1061,2019-04-28 14:35:00.106283,21.244
1062,2019-04-28 14:35:01.161052,32.776
1063,2019-04-28 14:35:02.228794,37.505
1064,2019-04-28 14:35:03.304327,32.655
1065,2019-04-28 14:35:04.372120,36.709
1066,2019-04-28 14:35:05.444314,9.752
1067,2019-04-28 14:35:06.489263,24.349
1068,2019-04-28 14:35:07.545052,37.001
1069,2019-04-28 14:35:08.616928,9.807
1070,2019-04-28 14:35:09.661772,33.182
1071,2019-04-28 14:35:10.729119,36.182
1072,2019-04-28 14:35:11.799113,32.665
1073,2019-04-28 14:35:12.863069,33.693
1074,2019-04-28 14:35:13.932737,33.826
1075,2019-04-28 14:35:15.003619,1000.0
1076,2019-04-28 14:35:27.045704,1000.0
1077,2019-04-28 14:35:39.084856,40.832
1078,2019-04-28 14:35:40.156476,1000.0
1079,2019-04-28 14:35:52.198698,44.495
1080,2019-04-28 14:35:53.277315,33.574
1081,2019-04-28 14:35:54.347766,20.807
1082,2019-04-28 14:35:55.414631,66.241
1083,2019-04-28 14:35:56.511839,47.985
1084,2019-04-28 14:35:57.593062,1000.0
1085,2019-04-28 14:36:09.632036,145.082
1086,2019-04-28 14:36:10.812273,46.478
1087,2019-04-28 14:36:11.888977,1000.0
1088,2019-04-28 14:36:23.923811,12.771
1089,2019-04-28 14:36:24.967843,1000.0
1090,2019-04-28 14:36:37.003939,37.901
1091,2019-04-28 14:36:38.075536,91.187
1092,2019-04-28 14:36:39.198552,37.105
1093,2019-04-28 14:36:40.269438,20.248
1094,2019-04-28 14:36:41.319552,42.626
1095,2019-04-28 14:36:42.413279,34.834
1096,2019-04-28 14:36:43.481003,33.552
1097,2019-04-28 14:36:44.547001,34.319
1098,2019-04-28 14:36:45.614330,6.373
1099,2019-04-28 14:36:46.660941,70.813
1100,2019-04-28 14:36:47.793236,12.044
1101,2019-04-28 14:36:48.839395,34.496
1102,2019-04-28 14:36:49.910937,44.344
1103,2019-04-28 14:36:50.991229,38.454
1104,2019-04-28 14:36:52.064845,27.613
1105,2019-04-28 14:36:53.121665,15.773
1106,2019-04-28 14:36:54.166455,46.194
1107,2019-04-28 14:36:55.250020,37.619
1108,2019-04-28 14:36:56.317945,38.859
1109,2019-04-28 14:36:57.389682,36.098
1110,2019-04-28 14:36:58.460117,69.691
1111,2019-04-28 14:36:59.564770,44.908
1112,2019-04-28 14:37:00.643727,21.923
1113,2019-04-28 14:37:01.694594,11.356
1114,2019-04-28 14:37:02.736874,34.813
1115,2019-04-28 14:37:03.802345,15.783
1116,2019-04-28 14:37:04.852988,47.895
1117,2019-04-28 14:37:05.938381,38.134
1118,2019-04-28 14:37:07.005819,35.919
1119,2019-04-28 14:37:08.072843,1000.0
1120,2019-04-28 14:37:20.110061,11.271
1121,2019-04-28 14:37:21.152110,46.524
1122,2019-04-28 14:37:22.230876,50.695
1123,2019-04-28 14:37:23.317718,37.562
1124,2019-04-28 14:37:24.390613,33.971
1125,2019-04-28 14:37:25.462604,33.468
1126,2019-04-28 14:37:26.529570,33.342
1127,2019-04-28 14:37:27.598626,4.747
1128,2019-04-28 14:37:28.635921,12.918
1129,2019-04-28 14:37:29.682518,36.317
1130,2019-04-28 14:37:30.755302,44.793
1131,2019-04-28 14:37:31.832198,11.376
1132,2019-04-28 14:37:32.868780,32.672
1133,2019-04-28 14:37:33.935290,7.783
1134,2019-04-28 14:37:34.978459,32.65
1135,2019-04-28 14:37:36.050325,11.56
1136,2019-04-28 14:37:37.097726,32.365
1137,2019-04-28 14:37:38.235519,1000.0
1138,2019-04-28 14:37:50.273740,33.06
1139,2019-04-28 14:37:51.340875,8.965
1140,2019-04-28 14:37:52.385021,15.578
1141,2019-04-28 14:37:53.435043,7.892
1142,2019-04-28 14:37:54.479011,38.888
1143,2019-04-28 14:37:55.552233,7.308
1144,2019-04-28 14:37:56.593227,40.959
1145,2019-04-28 14:37:57.667826,10.632
1146,2019-04-28 14:37:58.708927,32.816
1147,2019-04-28 14:37:59.778014,32.598
1148,2019-04-28 14:38:00.845664,10.42
1149,2019-04-28 14:38:01.886442,32.611
1150,2019-04-28 14:38:02.956792,32.891
1151,2019-04-28 14:38:04.022105,31.975
1152,2019-04-28 14:38:05.089630,28.149
1153,2019-04-28 14:38:06.153719,37.956
1154,2019-04-28 14:38:07.224736,32.726
1155,2019-04-28 14:38:08.289710,4.465
1156,2019-04-28 14:38:09.323704,33.693
1157,2019-04-28 14:38:10.391356,32.591
1158,2019-04-28 14:38:11.458413,41.557
1159,2019-04-28 14:38:12.537155,32.384
1160,2019-04-28 14:38:13.606048,56.859
1161,2019-04-28 14:38:14.697922,8.294
1162,2019-04-28 14:38:15.748328,46.617
1163,2019-04-28 14:38:16.826904,35.832
1164,2019-04-28 14:38:17.895033,34.501
1165,2019-04-28 14:38:18.963529,14.501
1166,2019-04-28 14:38:20.013218,34.05
1167,2019-04-28 14:38:21.081260,32.727
1168,2019-04-28 14:38:22.148915,204.394
1169,2019-04-28 14:38:23.387572,68.397
1170,2019-04-28 14:38:24.486553,148.847
1171,2019-04-28 14:38:25.666560,7.392
1172,2019-04-28 14:38:26.708968,8.045
1173,2019-04-28 14:38:27.750907,39.589
1174,2019-04-28 14:38:28.827881,33.313
1175,2019-04-28 14:38:29.898214,32.529
1176,2019-04-28 14:38:30.965788,7.978
1177,2019-04-28 14:38:32.011322,32.759
1178,2019-04-28 14:38:33.074524,35.055
1179,2019-04-28 14:38:34.144723,34.564
1180,2019-04-28 14:38:35.215476,34.672
1181,2019-04-28 14:38:36.284646,32.632
1182,2019-04-28 14:38:37.353412,31.948
1183,2019-04-28 14:38:38.420101,10.484
1184,2019-04-28 14:38:39.467219,32.809
1185,2019-04-28 14:38:40.535856,33.176
1186,2019-04-28 14:38:41.601483,36.94
1187,2019-04-28 14:38:42.670115,8.465
1188,2019-04-28 14:38:43.710542,33.312
1189,2019-04-28 14:38:44.778437,30.909
1190,2019-04-28 14:38:45.847545,7.318
1191,2019-04-28 14:38:46.891410,103.038
1192,2019-04-28 14:38:48.030961,34.114
1193,2019-04-28 14:38:49.099950,8.631
1194,2019-04-28 14:38:50.144710,5.889
1195,2019-04-28 14:38:51.183823,32.667
1196,2019-04-28 14:38:52.250829,36.76
1197,2019-04-28 14:38:53.323507,33.105
1198,2019-04-28 14:38:54.387505,59.543
1199,2019-04-28 14:38:55.479925,32.691
1200,2019-04-28 14:38:56.548877,10.177
1201,2019-04-28 14:38:57.592874,35.834
1202,2019-04-28 14:38:58.666645,66.642
1203,2019-04-28 14:38:59.770065,32.724
1204,2019-04-28 14:39:00.838315,7.821
1205,2019-04-28 14:39:01.878481,8.096
1206,2019-04-28 14:39:02.923326,11.449
1207,2019-04-28 14:39:03.962745,7.762
1208,2019-04-28 14:39:05.009293,16.021
1209,2019-04-28 14:39:06.060660,8.599
1210,2019-04-28 14:39:07.095722,32.785
1211,2019-04-28 14:39:08.161866,5.319
1212,2019-04-28 14:39:09.199377,32.85
1213,2019-04-28 14:39:10.267945,12.701
1214,2019-04-28 14:39:11.306075,8.2
1215,2019-04-28 14:39:12.350579,32.733
1216,2019-04-28 14:39:13.420224,34.252
1217,2019-04-28 14:39:14.493472,33.035
1218,2019-04-28 14:39:15.562817,34.635
1219,2019-04-28 14:39:16.635553,32.698
1220,2019-04-28 14:39:17.698800,8.558
1221,2019-04-28 14:39:18.744767,9.259
1222,2019-04-28 14:39:19.784850,32.957
1223,2019-04-28 14:39:20.853185,32.386
1224,2019-04-28 14:39:22.135546,34.439
1225,2019-04-28 14:39:23.204605,18.918
1226,2019-04-28 14:39:24.259840,34.362
1227,2019-04-28 14:39:25.337591,34.2
1228,2019-04-28 14:39:26.410364,32.002
1229,2019-04-28 14:39:27.471417,32.958
1230,2019-04-28 14:39:28.542614,32.803
1231,2019-04-28 14:39:29.610471,7.92
1232,2019-04-28 14:39:30.649193,33.132
1233,2019-04-28 14:39:31.714601,32.967
1234,2019-04-28 14:39:32.786213,61.835
1235,2019-04-28 14:39:33.879461,33.637
1236,2019-04-28 14:39:34.949263,36.946
1237,2019-04-28 14:39:36.014458,32.741
1238,2019-04-28 14:39:37.081204,33.802
1239,2019-04-28 14:39:38.154568,25.406
1240,2019-04-28 14:39:39.215417,34.895
1241,2019-04-28 14:39:40.284503,32.545
1242,2019-04-28 14:39:41.370141,4.038
1243,2019-04-28 14:39:42.412433,42.61
1244,2019-04-28 14:39:43.488615,4.037
1245,2019-04-28 14:39:44.525250,7.22
1246,2019-04-28 14:39:45.566560,44.342
1247,2019-04-28 14:39:46.644723,83.983
1248,2019-04-28 14:39:47.766605,7.563
1249,2019-04-28 14:39:48.806307,8.854
1250,2019-04-28 14:39:49.848138,9.737
1251,2019-04-28 14:39:50.893275,7.293
1252,2019-04-28 14:39:51.935785,7.333
1253,2019-04-28 14:39:52.980575,33.013
1254,2019-04-28 14:39:54.044161,32.792
1255,2019-04-28 14:39:55.109941,36.085
1256,2019-04-28 14:39:56.183596,71.429
1257,2019-04-28 14:39:57.291988,32.482
1258,2019-04-28 14:39:58.355859,38.405
1259,2019-04-28 14:39:59.427633,33.289
1260,2019-04-28 14:40:00.494569,32.759
1261,2019-04-28 14:40:01.559095,7.794
1262,2019-04-28 14:40:02.601018,41.139
1263,2019-04-28 14:40:03.675674,11.368
1264,2019-04-28 14:40:04.719488,8.69
1265,2019-04-28 14:40:05.766931,32.692
1266,2019-04-28 14:40:06.834588,15.968
1267,2019-04-28 14:40:07.882386,32.565
1268,2019-04-28 14:40:08.955320,32.699
1269,2019-04-28 14:40:10.023889,7.301
1270,2019-04-28 14:40:11.066315,33.859
1271,2019-04-28 14:40:12.136279,32.774
1272,2019-04-28 14:40:13.204712,15.812
1273,2019-04-28 14:40:14.252588,8.308
1274,2019-04-28 14:40:15.301796,32.016
1275,2019-04-28 14:40:16.422249,35.712
1276,2019-04-28 14:40:17.515783,10.099
1277,2019-04-28 14:40:18.573503,33.068
1278,2019-04-28 14:40:19.641059,32.89
1279,2019-04-28 14:40:20.704557,46.34
1280,2019-04-28 14:40:21.781831,8.966
1281,2019-04-28 14:40:22.825751,32.728
1282,2019-04-28 14:40:23.890273,32.696
1283,2019-04-28 14:40:24.952137,13.655
1284,2019-04-28 14:40:25.995986,32.736
1285,2019-04-28 14:40:27.066858,31.963
1286,2019-04-28 14:40:28.132873,29.881
1287,2019-04-28 14:40:29.196309,35.151
1288,2019-04-28 14:40:30.265648,32.881
1289,2019-04-28 14:40:31.329358,17.242
1290,2019-04-28 14:40:32.379514,7.484
1291,2019-04-28 14:40:33.433177,33.863
1292,2019-04-28 14:40:34.501398,32.16
1293,2019-04-28 14:40:35.565438,11.987
1294,2019-04-28 14:40:36.611360,32.655
1295,2019-04-28 14:40:37.675129,33.072
1296,2019-04-28 14:40:38.741566,9.703
1297,2019-04-28 14:40:39.783631,9.128
1298,2019-04-28 14:40:40.828654,34.212
1299,2019-04-28 14:40:41.906356,33.031
1300,2019-04-28 14:40:42.972097,27.24
1301,2019-04-28 14:40:44.031950,33.979
1302,2019-04-28 14:40:45.105461,43.695
1303,2019-04-28 14:40:46.184440,8.582
1304,2019-04-28 14:40:47.229782,25.688
1305,2019-04-28 14:40:48.291295,33.069
1306,2019-04-28 14:40:49.363113,41.068
1307,2019-04-28 14:40:50.448028,14.728
1308,2019-04-28 14:40:51.495646,7.802
1309,2019-04-28 14:40:52.539580,34.418
1310,2019-04-28 14:40:53.608104,7.22
1311,2019-04-28 14:40:54.646102,32.538
1312,2019-04-28 14:40:55.714379,7.279
1313,2019-04-28 14:40:56.750810,23.184
1314,2019-04-28 14:40:57.803501,39.424
1315,2019-04-28 14:40:58.878099,32.689
1316,2019-04-28 14:40:59.940741,10.171
1317,2019-04-28 14:41:00.982881,8.25
1318,2019-04-28 14:41:02.031769,8.815
1319,2019-04-28 14:41:03.081430,35.458
1320,2019-04-28 14:41:04.148503,33.982
1321,2019-04-28 14:41:05.216604,49.217
1322,2019-04-28 14:41:06.297120,34.756
1323,2019-04-28 14:41:07.367183,8.955
1324,2019-04-28 14:41:08.414263,34.151
1325,2019-04-28 14:41:09.483752,33.15
1326,2019-04-28 14:41:10.549317,32.422
1327,2019-04-28 14:41:11.618022,8.273
1328,2019-04-28 14:41:12.659358,29.649
1329,2019-04-28 14:41:13.729341,33.202
1330,2019-04-28 14:41:14.798313,36.907
1331,2019-04-28 14:41:15.867422,33.555
1332,2019-04-28 14:41:16.935490,32.698
1333,2019-04-28 14:41:17.999022,34.575
1334,2019-04-28 14:41:19.072926,4.075
1335,2019-04-28 14:41:20.110278,32.755
1336,2019-04-28 14:41:21.178024,32.678
1337,2019-04-28 14:41:22.243127,33.348
1338,2019-04-28 14:41:23.314815,5.051
1339,2019-04-28 14:41:24.348057,34.117
1340,2019-04-28 14:41:25.419001,8.558
1341,2019-04-28 14:41:26.459106,10.856
1342,2019-04-28 14:41:27.500288,33.125
1343,2019-04-28 14:41:28.567302,65.016
1344,2019-04-28 14:41:29.666269,32.388
1345,2019-04-28 14:41:30.734397,9.664
1346,2019-04-28 14:41:31.777408,32.62
1347,2019-04-28 14:41:32.848758,8.036
1348,2019-04-28 14:41:33.893035,34.272
1349,2019-04-28 14:41:34.960386,10.291
1350,2019-04-28 14:41:36.011322,32.675
1351,2019-04-28 14:41:37.078673,36.739
1352,2019-04-28 14:41:38.151626,34.266
1353,2019-04-28 14:41:39.219214,42.178
1354,2019-04-28 14:41:40.296721,32.785
1355,2019-04-28 14:41:41.363158,33.653
1356,2019-04-28 14:41:42.430803,42.704
1357,2019-04-28 14:41:43.506821,56.575
1358,2019-04-28 14:41:44.609304,8.264
1359,2019-04-28 14:41:45.649319,32.93
1360,2019-04-28 14:41:46.717823,9.073
1361,2019-04-28 14:41:47.762697,32.476
1362,2019-04-28 14:41:48.834308,9.494
1363,2019-04-28 14:41:49.877922,47.447
1364,2019-04-28 14:41:50.966106,7.39
1365,2019-04-28 14:41:52.008217,170.174
1366,2019-04-28 14:41:53.211811,14.691
1367,2019-04-28 14:41:54.260016,32.807
1368,2019-04-28 14:41:55.326450,33.09
1369,2019-04-28 14:41:56.394071,55.361
1370,2019-04-28 14:41:57.481261,32.521
1371,2019-04-28 14:41:58.546001,25.226
1372,2019-04-28 14:41:59.606688,37.92
1373,2019-04-28 14:42:00.674844,52.629
1374,2019-04-28 14:42:01.759895,10.099
1375,2019-04-28 14:42:02.804434,47.347
1376,2019-04-28 14:42:03.889091,5.195
1377,2019-04-28 14:42:04.936373,32.583
1378,2019-04-28 14:42:06.000465,36.112
1379,2019-04-28 14:42:07.066703,7.568
1380,2019-04-28 14:42:08.108034,35.535
1381,2019-04-28 14:42:09.181641,56.871
1382,2019-04-28 14:42:10.272438,29.186
1383,2019-04-28 14:42:11.334151,8.455
1384,2019-04-28 14:42:12.376592,35.947
1385,2019-04-28 14:42:13.451879,32.982
1386,2019-04-28 14:42:14.518651,30.772
1387,2019-04-28 14:42:15.584272,53.76
1388,2019-04-28 14:42:16.673785,10.212
1389,2019-04-28 14:42:17.719067,8.181
1390,2019-04-28 14:42:18.761428,4.176
1391,2019-04-28 14:42:19.798873,33.557
1392,2019-04-28 14:42:20.867759,32.597
1393,2019-04-28 14:42:21.932009,35.777
1394,2019-04-28 14:42:23.005370,32.679
1395,2019-04-28 14:42:24.071012,40.623
1396,2019-04-28 14:42:25.142895,32.533
1397,2019-04-28 14:42:26.204100,29.966
1398,2019-04-28 14:42:27.265909,34.474
1399,2019-04-28 14:42:28.334671,32.405
1400,2019-04-28 14:42:29.400721,7.636
1401,2019-04-28 14:42:30.445295,39.52
1402,2019-04-28 14:42:31.517830,32.664
1403,2019-04-28 14:42:32.580369,7.384
1404,2019-04-28 14:42:33.632076,31.702
1405,2019-04-28 14:42:34.697550,34.788
1406,2019-04-28 14:42:35.775677,9.57
1407,2019-04-28 14:42:36.822116,9.833
1408,2019-04-28 14:42:37.865712,47.478
1409,2019-04-28 14:42:38.944195,36.327
1410,2019-04-28 14:42:40.014798,87.232
1411,2019-04-28 14:42:41.128252,32.618
1412,2019-04-28 14:42:42.197920,32.525
1413,2019-04-28 14:42:43.265641,42.383
1414,2019-04-28 14:42:44.341674,33.457
1415,2019-04-28 14:42:45.409457,32.487
1416,2019-04-28 14:42:46.478658,32.921
1417,2019-04-28 14:42:47.543403,7.084
1418,2019-04-28 14:42:48.585955,32.852
1419,2019-04-28 14:42:49.658426,32.381
1420,2019-04-28 14:42:50.727011,32.249
1421,2019-04-28 14:42:51.794592,33.581
1422,2019-04-28 14:42:52.864115,38.465
1423,2019-04-28 14:42:53.941615,33.164
1424,2019-04-28 14:42:55.008754,33.843
1425,2019-04-28 14:42:56.078003,34.563
1426,2019-04-28 14:42:57.142946,32.463
1427,2019-04-28 14:42:58.209958,10.826
1428,2019-04-28 14:42:59.254209,10.391
1429,2019-04-28 14:43:00.307401,32.103
1430,2019-04-28 14:43:01.372134,7.765
1431,2019-04-28 14:43:02.413888,10.359
1432,2019-04-28 14:43:03.458985,32.746
1433,2019-04-28 14:43:04.524525,41.241
1434,2019-04-28 14:43:05.596139,13.063
1435,2019-04-28 14:43:06.645579,45.241
1436,2019-04-28 14:43:07.720342,35.751
1437,2019-04-28 14:43:08.787500,36.514
1438,2019-04-28 14:43:09.857584,48.976
1439,2019-04-28 14:43:10.937821,32.618
1440,2019-04-28 14:43:12.012023,8.616
1441,2019-04-28 14:43:13.057038,10.068
1442,2019-04-28 14:43:14.099234,32.964
1443,2019-04-28 14:43:15.168261,51.946
1444,2019-04-28 14:43:16.253010,31.565
1445,2019-04-28 14:43:17.332592,7.148
1446,2019-04-28 14:43:18.387808,33.713
1447,2019-04-28 14:43:19.459542,33.4
1448,2019-04-28 14:43:20.525311,742.578
1449,2019-04-28 14:43:22.300765,32.451
1450,2019-04-28 14:43:23.369085,62.299
1451,2019-04-28 14:43:24.507027,39.253
1452,2019-04-28 14:43:25.582526,32.847
1453,2019-04-28 14:43:26.649136,42.237
1454,2019-04-28 14:43:27.731721,22.903
1455,2019-04-28 14:43:28.789391,32.76
1456,2019-04-28 14:43:29.860085,8.531
1457,2019-04-28 14:43:30.902361,7.942
1458,2019-04-28 14:43:31.946604,33.147
1459,2019-04-28 14:43:33.008823,48.081
1460,2019-04-28 14:43:34.091957,17.956
1461,2019-04-28 14:43:35.141503,34.252
1462,2019-04-28 14:43:36.257409,33.142
1463,2019-04-28 14:43:37.326733,36.228
1464,2019-04-28 14:43:38.393859,33.001
1465,2019-04-28 14:43:39.460286,34.758
1466,2019-04-28 14:43:40.539078,12.953
1467,2019-04-28 14:43:41.585792,4.948
1468,2019-04-28 14:43:42.627281,41.412
1469,2019-04-28 14:43:43.704741,32.982
1470,2019-04-28 14:43:44.765724,1000.0
1471,2019-04-28 14:43:56.808656,32.608
1472,2019-04-28 14:43:57.873845,7.113
1473,2019-04-28 14:43:58.913099,35.223
1474,2019-04-28 14:43:59.980813,32.651
1475,2019-04-28 14:44:01.046070,7.116
1476,2019-04-28 14:44:02.083183,13.89
1477,2019-04-28 14:44:03.125387,32.75
1478,2019-04-28 14:44:04.191061,33.844
1479,2019-04-28 14:44:05.271579,11.434
1480,2019-04-28 14:44:06.403618,32.713
1481,2019-04-28 14:44:07.469409,32.651
1482,2019-04-28 14:44:08.541355,34.006
1483,2019-04-28 14:44:09.611246,51.304
1484,2019-04-28 14:44:10.696643,36.74
1485,2019-04-28 14:44:11.765030,32.549
1486,2019-04-28 14:44:12.828711,8.625
1487,2019-04-28 14:44:13.873919,32.853
1488,2019-04-28 14:44:14.942071,32.56
1489,2019-04-28 14:44:16.011178,6.678
1490,2019-04-28 14:44:17.054483,133.158
1491,2019-04-28 14:44:18.222340,32.692
1492,2019-04-28 14:44:19.288738,13.811
1493,2019-04-28 14:44:20.331905,8.525
1494,2019-04-28 14:44:21.373060,32.693
1495,2019-04-28 14:44:22.436961,32.895
1496,2019-04-28 14:44:23.506585,33.375
1497,2019-04-28 14:44:24.574784,33.322
1498,2019-04-28 14:44:25.645794,37.424
1499,2019-04-28 14:44:26.717966,35.456
1500,2019-04-28 14:44:27.791019,8.878
1501,2019-04-28 14:44:28.829331,36.353
1502,2019-04-28 14:44:29.896512,32.994
1503,2019-04-28 14:44:30.965048,37.165
1504,2019-04-28 14:44:32.033958,32.475
1505,2019-04-28 14:44:33.102914,33.284
1506,2019-04-28 14:44:34.168036,32.664
1507,2019-04-28 14:44:35.236754,35.145
1508,2019-04-28 14:44:36.306580,25.493
1509,2019-04-28 14:44:37.368827,32.534
1510,2019-04-28 14:44:38.436892,33.712
1511,2019-04-28 14:44:39.505083,33.003
1512,2019-04-28 14:44:40.572200,33.041
1513,2019-04-28 14:44:41.633834,9.449
1514,2019-04-28 14:44:42.678330,24.705
1515,2019-04-28 14:44:43.739993,34.632
1516,2019-04-28 14:44:44.805911,11.598
1517,2019-04-28 14:44:45.851375,11.628
1518,2019-04-28 14:44:46.898954,31.26
1519,2019-04-28 14:44:47.963647,9.069
1520,2019-04-28 14:44:49.023615,101.828
1521,2019-04-28 14:44:50.163416,32.327
1522,2019-04-28 14:44:51.226040,34.961
1523,2019-04-28 14:44:52.296876,10.082
1524,2019-04-28 14:44:53.341822,8.56
1525,2019-04-28 14:44:54.385887,33.159
1526,2019-04-28 14:44:55.454665,32.523
1527,2019-04-28 14:44:56.523048,8.821
1528,2019-04-28 14:44:57.568516,1000.0
1529,2019-04-28 14:45:09.609642,48.235
1530,2019-04-28 14:45:10.692451,32.007
1531,2019-04-28 14:45:11.758424,100.144
1532,2019-04-28 14:45:12.893439,93.554
1533,2019-04-28 14:45:14.024029,32.709
1534,2019-04-28 14:45:15.092617,31.43
1535,2019-04-28 14:45:16.160406,8.318
1536,2019-04-28 14:45:17.204053,31.942
1537,2019-04-28 14:45:18.269833,35.661
1538,2019-04-28 14:45:19.340432,6.586
1539,2019-04-28 14:45:20.383010,7.913
1540,2019-04-28 14:45:21.423233,31.985
1541,2019-04-28 14:45:22.489672,24.77
1542,2019-04-28 14:45:23.550626,9.139
1543,2019-04-28 14:45:24.589728,58.397
1544,2019-04-28 14:45:25.683002,33.749
1545,2019-04-28 14:45:26.760522,11.563
1546,2019-04-28 14:45:27.810126,7.464
1547,2019-04-28 14:45:28.846769,32.979
1548,2019-04-28 14:45:29.917259,5.251
1549,2019-04-28 14:45:30.955959,35.386
1550,2019-04-28 14:45:32.025456,43.998
1551,2019-04-28 14:45:33.104444,34.569
1552,2019-04-28 14:45:34.174968,6.851
1553,2019-04-28 14:45:35.217884,34.873
1554,2019-04-28 14:45:36.288833,38.088
1555,2019-04-28 14:45:37.359171,9.026
1556,2019-04-28 14:45:38.402536,59.742
1557,2019-04-28 14:45:39.496453,32.35
1558,2019-04-28 14:45:40.564090,31.954
1559,2019-04-28 14:45:41.629372,22.302
1560,2019-04-28 14:45:42.686022,31.534
1561,2019-04-28 14:45:43.747447,32.464
1562,2019-04-28 14:45:44.810925,41.064
1563,2019-04-28 14:45:45.888170,9.57
1564,2019-04-28 14:45:46.934161,9.443
1565,2019-04-28 14:45:47.975961,36.294
1566,2019-04-28 14:45:49.047370,32.126
1567,2019-04-28 14:45:50.118705,38.238
1568,2019-04-28 14:45:51.187505,23.221
1569,2019-04-28 14:45:52.248179,6.858
1570,2019-04-28 14:45:53.291191,27.132
1571,2019-04-28 14:45:54.355489,31.763
1572,2019-04-28 14:45:55.421988,32.273
1573,2019-04-28 14:45:56.487703,11.104
1574,2019-04-28 14:45:57.534433,32.717
1575,2019-04-28 14:45:58.605216,34.954
1576,2019-04-28 14:45:59.676474,5.726
1577,2019-04-28 14:46:00.717583,32.686
1578,2019-04-28 14:46:01.784743,52.439
1579,2019-04-28 14:46:02.871929,8.005
1580,2019-04-28 14:46:03.915702,17.649
1581,2019-04-28 14:46:04.966544,31.807
1582,2019-04-28 14:46:06.031030,41.93
1583,2019-04-28 14:46:07.103633,7.766
1584,2019-04-28 14:46:08.147251,32.75
1585,2019-04-28 14:46:09.212226,37.628
1586,2019-04-28 14:46:10.285431,37.845
1587,2019-04-28 14:46:11.354364,11.765
1588,2019-04-28 14:46:12.400797,42.554
1589,2019-04-28 14:46:13.480623,62.307
1590,2019-04-28 14:46:14.579791,7.151
1591,2019-04-28 14:46:15.623194,43.027
1592,2019-04-28 14:46:16.699569,34.76
1593,2019-04-28 14:46:17.770344,30.052
1594,2019-04-28 14:46:18.837171,8.539
1595,2019-04-28 14:46:19.876608,32.889
1596,2019-04-28 14:46:20.944014,36.179
1597,2019-04-28 14:46:22.014352,8.467
1598,2019-04-28 14:46:23.066599,32.724
1599,2019-04-28 14:46:24.132019,7.657
1600,2019-04-28 14:46:25.176829,32.898
1601,2019-04-28 14:46:26.243728,32.797
1602,2019-04-28 14:46:27.308128,39.138
1603,2019-04-28 14:46:28.385104,25.991
1604,2019-04-28 14:46:29.442669,48.646
1605,2019-04-28 14:46:30.526018,32.372
1606,2019-04-28 14:46:31.592630,36.189
1607,2019-04-28 14:46:32.664756,10.383
1608,2019-04-28 14:46:33.705998,31.314
1609,2019-04-28 14:46:34.770694,32.205
1610,2019-04-28 14:46:35.838475,7.854
1611,2019-04-28 14:46:36.877646,38.158
1612,2019-04-28 14:46:37.947605,36.838
1613,2019-04-28 14:46:39.015247,24.505
1614,2019-04-28 14:46:40.072062,17.777
1615,2019-04-28 14:46:41.118818,39.274
1616,2019-04-28 14:46:42.193033,15.101
1617,2019-04-28 14:46:43.242867,7.373
1618,2019-04-28 14:46:44.283999,29.335
1619,2019-04-28 14:46:45.348856,25.109
1620,2019-04-28 14:46:46.404287,6.581
1621,2019-04-28 14:46:47.448003,4.376
1622,2019-04-28 14:46:48.483917,35.264
1623,2019-04-28 14:46:49.559262,32.847
1624,2019-04-28 14:46:50.626482,7.417
1625,2019-04-28 14:46:51.666451,34.036
1626,2019-04-28 14:46:52.739303,33.504
1627,2019-04-28 14:46:53.833592,10.422
1628,2019-04-28 14:46:54.878930,10.518
1629,2019-04-28 14:46:55.942501,16.926
1630,2019-04-28 14:46:56.992931,49.576
1631,2019-04-28 14:46:58.078410,33.889
1632,2019-04-28 14:46:59.146129,17.416
1633,2019-04-28 14:47:00.196324,33.036
1634,2019-04-28 14:47:01.263120,8.431
1635,2019-04-28 14:47:02.309971,32.158
1636,2019-04-28 14:47:03.386974,33.352
1637,2019-04-28 14:47:04.457313,3.924
1638,2019-04-28 14:47:05.491600,32.577
1639,2019-04-28 14:47:06.558952,32.639
1640,2019-04-28 14:47:07.622597,7.671
1641,2019-04-28 14:47:08.665581,7.508
1642,2019-04-28 14:47:09.707948,32.854
1643,2019-04-28 14:47:10.772891,35.568
1644,2019-04-28 14:47:11.852441,32.561
1645,2019-04-28 14:47:12.920625,4.078
1646,2019-04-28 14:47:13.954970,32.469
1647,2019-04-28 14:47:15.030139,88.061
1648,2019-04-28 14:47:16.150241,35.686
1649,2019-04-28 14:47:17.218864,33.946
1650,2019-04-28 14:47:18.282927,55.522
1651,2019-04-28 14:47:19.378487,8.024
1652,2019-04-28 14:47:20.420221,10.538
1653,2019-04-28 14:47:21.462240,35.925
1654,2019-04-28 14:47:22.535037,7.074
1655,2019-04-28 14:47:23.574876,32.209
1656,2019-04-28 14:47:24.643833,35.473
1657,2019-04-28 14:47:25.714599,32.886
1658,2019-04-28 14:47:26.782432,35.828
1659,2019-04-28 14:47:27.854204,29.808
1660,2019-04-28 14:47:28.921976,33.132
1661,2019-04-28 14:47:29.990998,37.483
1662,2019-04-28 14:47:31.060886,3.952
1663,2019-04-28 14:47:32.093939,12.174
1664,2019-04-28 14:47:33.141076,31.99
1665,2019-04-28 14:47:34.205070,7.46
1666,2019-04-28 14:47:35.249430,34.39
1667,2019-04-28 14:47:36.324391,33.252
1668,2019-04-28 14:47:37.397515,31.793
1669,2019-04-28 14:47:38.468380,7.623
1670,2019-04-28 14:47:39.509682,10.866
1671,2019-04-28 14:47:40.558911,32.939
1672,2019-04-28 14:47:41.624729,31.898
1673,2019-04-28 14:47:42.689234,18.394
1674,2019-04-28 14:47:43.738605,32.663
1675,2019-04-28 14:47:44.803594,7.615
1676,2019-04-28 14:47:45.850801,28.948
1677,2019-04-28 14:47:46.915826,4.646
1678,2019-04-28 14:47:47.955402,39.339
1679,2019-04-28 14:47:49.031389,32.326
1680,2019-04-28 14:47:50.100040,14.504
1681,2019-04-28 14:47:51.146985,9.517
1682,2019-04-28 14:47:52.189426,33.56
1683,2019-04-28 14:47:53.262153,8.07
1684,2019-04-28 14:47:54.307127,32.694
1685,2019-04-28 14:47:55.370804,34.127
1686,2019-04-28 14:47:56.439729,8.542
1687,2019-04-28 14:47:57.482489,32.398
1688,2019-04-28 14:47:58.551545,32.597
1689,2019-04-28 14:47:59.617328,6.848
1690,2019-04-28 14:48:00.660360,161.603
1691,2019-04-28 14:48:01.851954,9.497
1692,2019-04-28 14:48:02.895016,32.1
1693,2019-04-28 14:48:03.965854,7.246
1694,2019-04-28 14:48:05.005466,32.929
1695,2019-04-28 14:48:06.084255,33.162
1696,2019-04-28 14:48:07.151725,32.091
1697,2019-04-28 14:48:08.214159,34.381
1698,2019-04-28 14:48:09.282779,37.381
1699,2019-04-28 14:48:10.355287,8.096
1700,2019-04-28 14:48:11.396643,8.326
1701,2019-04-28 14:48:12.437686,32.503
1702,2019-04-28 14:48:13.506480,32.335
1703,2019-04-28 14:48:14.573768,33.661
1704,2019-04-28 14:48:15.637069,32.38
1705,2019-04-28 14:48:16.704074,36.346
1706,2019-04-28 14:48:17.786087,20.838
1707,2019-04-28 14:48:18.843105,30.436
1708,2019-04-28 14:48:19.903892,32.638
1709,2019-04-28 14:48:20.970347,46.336
1710,2019-04-28 14:48:22.052556,4.064
1711,2019-04-28 14:48:23.093857,35.98
1712,2019-04-28 14:48:24.164266,33.984
1713,2019-04-28 14:48:25.228298,6.564
1714,2019-04-28 14:48:26.270155,31.665
1715,2019-04-28 14:48:27.333801,32.735
1716,2019-04-28 14:48:28.396997,34.001
1717,2019-04-28 14:48:29.466845,8.413
1718,2019-04-28 14:48:30.512035,49.818
1719,2019-04-28 14:48:31.595102,32.534
1720,2019-04-28 14:48:32.662519,32.097
1721,2019-04-28 14:48:33.731172,32.535
1722,2019-04-28 14:48:34.800898,32.718
1723,2019-04-28 14:48:35.872549,10.229
1724,2019-04-28 14:48:36.917947,16.606
1725,2019-04-28 14:48:37.967515,33.614
1726,2019-04-28 14:48:39.033153,33.063
1727,2019-04-28 14:48:40.101223,36.053
1728,2019-04-28 14:48:41.170145,32.55
1729,2019-04-28 14:48:42.238207,32.554
1730,2019-04-28 14:48:43.308740,46.106
1731,2019-04-28 14:48:44.388676,16.433
1732,2019-04-28 14:48:45.440866,35.749
1733,2019-04-28 14:48:46.513018,33.269
1734,2019-04-28 14:48:47.582906,3.409
1735,2019-04-28 14:48:48.618947,34.214
1736,2019-04-28 14:48:49.691700,57.965
1737,2019-04-28 14:48:50.782712,32.999
1738,2019-04-28 14:48:51.849784,32.965
1739,2019-04-28 14:48:52.928233,11.956
1740,2019-04-28 14:48:53.979602,18.336
1741,2019-04-28 14:48:55.032376,35.343
1742,2019-04-28 14:48:56.107979,47.686
1743,2019-04-28 14:48:57.192472,31.618
1744,2019-04-28 14:48:58.260318,10.379
1745,2019-04-28 14:48:59.306478,34.693
1746,2019-04-28 14:49:00.376735,34.456
1747,2019-04-28 14:49:01.446840,229.859
1748,2019-04-28 14:49:02.709391,8.161
1749,2019-04-28 14:49:03.749921,33.322
1750,2019-04-28 14:49:04.818828,32.92
1751,2019-04-28 14:49:05.886382,30.756
1752,2019-04-28 14:49:06.959985,5.268
1753,2019-04-28 14:49:08.004482,28.173
1754,2019-04-28 14:49:09.070310,265.119
1755,2019-04-28 14:49:10.374090,7.111
1756,2019-04-28 14:49:11.411206,31.458
1757,2019-04-28 14:49:12.475717,36.252
1758,2019-04-28 14:49:13.547906,32.941
1759,2019-04-28 14:49:14.618019,7.234
1760,2019-04-28 14:49:15.661283,31.86
1761,2019-04-28 14:49:16.731548,35.841
1762,2019-04-28 14:49:17.803567,32.933
1763,2019-04-28 14:49:18.869674,59.846
1764,2019-04-28 14:49:19.965407,32.555
1765,2019-04-28 14:49:21.032036,8.005
1766,2019-04-28 14:49:22.071897,17.154
1767,2019-04-28 14:49:23.128557,10.338
1768,2019-04-28 14:49:24.176348,33.742
1769,2019-04-28 14:49:25.249926,7.849
1770,2019-04-28 14:49:26.294768,33.228
1771,2019-04-28 14:49:27.361911,33.192
1772,2019-04-28 14:49:28.434211,4.268
1773,2019-04-28 14:49:29.473519,13.454
1774,2019-04-28 14:49:30.521224,32.555
1775,2019-04-28 14:49:31.588826,32.196
1776,2019-04-28 14:49:32.656510,60.352
1777,2019-04-28 14:49:33.752640,32.621
1778,2019-04-28 14:49:34.821451,35.686
1779,2019-04-28 14:49:35.889578,7.258
1780,2019-04-28 14:49:36.932721,33.192
1781,2019-04-28 14:49:38.010858,33.227
1782,2019-04-28 14:49:39.077739,32.389
1783,2019-04-28 14:49:40.144230,7.677
1784,2019-04-28 14:49:41.184315,32.626
1785,2019-04-28 14:49:42.252472,49.8
1786,2019-04-28 14:49:43.335179,98.688
1787,2019-04-28 14:49:44.466983,29.953
1788,2019-04-28 14:49:45.531824,33.187
1789,2019-04-28 14:49:46.603122,73.49
1790,2019-04-28 14:49:47.711325,39.152
1791,2019-04-28 14:49:48.788000,33.782
1792,2019-04-28 14:49:49.861115,38.805
1793,2019-04-28 14:49:50.936966,7.712
1794,2019-04-28 14:49:51.979041,36.053
1795,2019-04-28 14:49:53.048644,33.147
1796,2019-04-28 14:49:54.119543,27.397
1797,2019-04-28 14:49:55.183573,7.512
1798,2019-04-28 14:49:56.225857,32.463
1799,2019-04-28 14:49:57.294190,32.894
1800,2019-04-28 14:49:58.363587,32.611
1801,2019-04-28 14:49:59.433608,32.854
1802,2019-04-28 14:50:00.501573,32.872
1803,2019-04-28 14:50:01.567846,6.891
1804,2019-04-28 14:50:02.605468,4.963
1805,2019-04-28 14:50:03.646692,31.719
1806,2019-04-28 14:50:04.714510,41.426
1807,2019-04-28 14:50:05.792407,34.818
1808,2019-04-28 14:50:06.861235,47.103
1809,2019-04-28 14:50:07.944735,32.614
1810,2019-04-28 14:50:09.013240,32.427
1811,2019-04-28 14:50:10.090467,22.271
1812,2019-04-28 14:50:11.146408,37.79
1813,2019-04-28 14:50:12.219881,32.631
1814,2019-04-28 14:50:13.291255,7.131
1815,2019-04-28 14:50:14.334816,33.379
1816,2019-04-28 14:50:15.402532,34.159
1817,2019-04-28 14:50:16.470824,42.14
1818,2019-04-28 14:50:17.548547,33.149
1819,2019-04-28 14:50:18.617396,32.406
1820,2019-04-28 14:50:19.688610,7.792
1821,2019-04-28 14:50:20.730957,47.959
1822,2019-04-28 14:50:21.807434,35.06
1823,2019-04-28 14:50:22.878523,32.848
1824,2019-04-28 14:50:23.947244,8.269
1825,2019-04-28 14:50:24.988656,34.706
1826,2019-04-28 14:50:26.058916,50.221
1827,2019-04-28 14:50:27.145797,32.569
1828,2019-04-28 14:50:28.222855,8.894
1829,2019-04-28 14:50:29.270645,33.929
1830,2019-04-28 14:50:30.338927,35.835
1831,2019-04-28 14:50:31.405640,5.205
1832,2019-04-28 14:50:32.445057,34.432
1833,2019-04-28 14:50:33.514867,34.414
1834,2019-04-28 14:50:34.585905,75.604
1835,2019-04-28 14:50:35.694111,4.061
1836,2019-04-28 14:50:36.732917,32.623
1837,2019-04-28 14:50:37.801713,10.58
1838,2019-04-28 14:50:38.849476,7.779
1839,2019-04-28 14:50:39.893053,32.993
1840,2019-04-28 14:50:40.961709,7.723
1841,2019-04-28 14:50:42.005925,32.17
1842,2019-04-28 14:50:43.072531,32.932
1843,2019-04-28 14:50:44.139677,32.756
1844,2019-04-28 14:50:45.207708,6.257
1845,2019-04-28 14:50:46.258463,36.152
1846,2019-04-28 14:50:47.335097,31.385
1847,2019-04-28 14:50:48.399790,9.665
1848,2019-04-28 14:50:49.448339,31.36
1849,2019-04-28 14:50:50.516927,33.205
1850,2019-04-28 14:50:51.589664,33.243
1851,2019-04-28 14:50:52.656722,32.387
1852,2019-04-28 14:50:53.719145,9.198
1853,2019-04-28 14:50:54.764395,31.648
1854,2019-04-28 14:50:55.835527,31.698
1855,2019-04-28 14:50:56.900470,4.487
1856,2019-04-28 14:50:57.938185,31.66
1857,2019-04-28 14:50:59.003644,10.725
1858,2019-04-28 14:51:00.044640,7.276
1859,2019-04-28 14:51:01.087075,8.458
1860,2019-04-28 14:51:02.131236,8.362
1861,2019-04-28 14:51:03.174753,33.827
1862,2019-04-28 14:51:04.244468,5.295
1863,2019-04-28 14:51:05.281575,34.543
1864,2019-04-28 14:51:06.358070,33.042
1865,2019-04-28 14:51:07.423639,18.912
1866,2019-04-28 14:51:08.478002,8.352
1867,2019-04-28 14:51:09.523741,39.296
1868,2019-04-28 14:51:10.597661,33.137
1869,2019-04-28 14:51:11.664351,14.146
1870,2019-04-28 14:51:12.712420,32.495
1871,2019-04-28 14:51:13.781409,7.886
1872,2019-04-28 14:51:14.823629,34.666
1873,2019-04-28 14:51:15.892971,32.564
1874,2019-04-28 14:51:16.961344,32.545
1875,2019-04-28 14:51:18.028817,8.912
1876,2019-04-28 14:51:19.073858,32.742
1877,2019-04-28 14:51:20.143632,32.579
1878,2019-04-28 14:51:21.210314,31.883
1879,2019-04-28 14:51:22.272938,8.675
1880,2019-04-28 14:51:23.315922,33.97
1881,2019-04-28 14:51:24.390824,33.174
1882,2019-04-28 14:51:25.461620,4.063
1883,2019-04-28 14:51:26.497811,32.582
1884,2019-04-28 14:51:27.567357,39.215
1885,2019-04-28 14:51:28.641343,33.244
1886,2019-04-28 14:51:29.707426,8.442
1887,2019-04-28 14:51:30.749491,32.702
1888,2019-04-28 14:51:31.809684,32.253
1889,2019-04-28 14:51:32.877280,7.643
1890,2019-04-28 14:51:33.921482,33.172
1891,2019-04-28 14:51:34.987367,3.971
1892,2019-04-28 14:51:36.026758,53.968
1893,2019-04-28 14:51:37.116232,35.374
1894,2019-04-28 14:51:38.188580,34.489
1895,2019-04-28 14:51:39.256811,23.096
1896,2019-04-28 14:51:40.317057,33.591
1897,2019-04-28 14:51:41.384505,39.744
1898,2019-04-28 14:51:42.458606,32.508
1899,2019-04-28 14:51:43.530686,7.669
1900,2019-04-28 14:51:44.572504,10.938
1901,2019-04-28 14:51:45.619408,35.969
1902,2019-04-28 14:51:46.694956,24.64
1903,2019-04-28 14:51:47.756017,33.052
1904,2019-04-28 14:51:48.824842,7.445
1905,2019-04-28 14:51:49.867561,8.019
1906,2019-04-28 14:51:50.911214,7.235
1907,2019-04-28 14:51:51.952154,32.024
1908,2019-04-28 14:51:53.016830,59.146
1909,2019-04-28 14:51:54.109795,7.292
1910,2019-04-28 14:51:55.156552,39.335
1911,2019-04-28 14:51:56.228597,34.28
1912,2019-04-28 14:51:57.299055,32.83
1913,2019-04-28 14:51:58.369842,1000.0
1914,2019-04-28 14:52:10.412028,36.815
1915,2019-04-28 14:52:11.484044,32.159
1916,2019-04-28 14:52:12.550526,37.008
1917,2019-04-28 14:52:13.619265,7.839
1918,2019-04-28 14:52:14.667401,32.278
1919,2019-04-28 14:52:15.730498,32.732
1920,2019-04-28 14:52:16.796574,44.939
1921,2019-04-28 14:52:17.878372,33.799
1922,2019-04-28 14:52:18.949094,59.442
1923,2019-04-28 14:52:20.045105,43.386
1924,2019-04-28 14:52:21.118097,32.238
1925,2019-04-28 14:52:22.184472,31.522
1926,2019-04-28 14:52:23.250613,34.971
1927,2019-04-28 14:52:24.320586,32.66
1928,2019-04-28 14:52:25.389489,4.212
1929,2019-04-28 14:52:26.426022,38.883
1930,2019-04-28 14:52:27.499941,33.073
1931,2019-04-28 14:52:28.568005,41.088
1932,2019-04-28 14:52:29.647072,46.964
1933,2019-04-28 14:52:30.727467,34.82
1934,2019-04-28 14:52:31.794074,7.685
1935,2019-04-28 14:52:32.864118,33.731
1936,2019-04-28 14:52:33.929716,32.513
1937,2019-04-28 14:52:35.054324,42.706
1938,2019-04-28 14:52:36.136317,45.115
1939,2019-04-28 14:52:37.216580,7.767
1940,2019-04-28 14:52:38.261608,33.498
1941,2019-04-28 14:52:39.330515,36.298
1942,2019-04-28 14:52:40.400685,14.088
1943,2019-04-28 14:52:41.450015,32.703
1944,2019-04-28 14:52:42.517801,32.748
1945,2019-04-28 14:52:43.579753,9.097
1946,2019-04-28 14:52:44.621394,32.804
1947,2019-04-28 14:52:45.693478,32.599
1948,2019-04-28 14:52:46.759891,95.36
1949,2019-04-28 14:52:47.886757,16.149
1950,2019-04-28 14:52:48.935590,32.397
1951,2019-04-28 14:52:50.007792,32.677
1952,2019-04-28 14:52:51.073576,17.298
1953,2019-04-28 14:52:52.122264,38.684
1954,2019-04-28 14:52:53.197461,32.742
1955,2019-04-28 14:52:54.262858,9.278
1956,2019-04-28 14:52:55.310026,8.83
1957,2019-04-28 14:52:56.355534,40.834
1958,2019-04-28 14:52:57.429879,33.22
1959,2019-04-28 14:52:58.493781,42.941
1960,2019-04-28 14:52:59.573370,31.695
1961,2019-04-28 14:53:00.639948,32.588
1962,2019-04-28 14:53:01.706232,32.674
1963,2019-04-28 14:53:02.773771,1000.0
1964,2019-04-28 14:53:14.818101,3.708
1965,2019-04-28 14:53:15.854467,59.156
1966,2019-04-28 14:53:16.945463,32.547
1967,2019-04-28 14:53:18.043714,33.654
1968,2019-04-28 14:53:19.233720,19.266
1969,2019-04-28 14:53:20.285599,34.619
1970,2019-04-28 14:53:21.355614,33.304
1971,2019-04-28 14:53:22.433400,39.693
1972,2019-04-28 14:53:23.517807,44.157
1973,2019-04-28 14:53:24.596665,332.039
1974,2019-04-28 14:53:25.956690,32.605
1975,2019-04-28 14:53:27.091416,7.845
1976,2019-04-28 14:53:28.134078,39.835
1977,2019-04-28 14:53:29.216244,32.793
1978,2019-04-28 14:53:30.285910,32.484
1979,2019-04-28 14:53:31.352644,10.116
1980,2019-04-28 14:53:32.397000,33.969
1981,2019-04-28 14:53:33.470010,32.645
1982,2019-04-28 14:53:34.539926,10.616
1983,2019-04-28 14:53:35.582866,33.031
1984,2019-04-28 14:53:36.650623,32.695
1985,2019-04-28 14:53:37.720672,47.083
1986,2019-04-28 14:53:38.804511,9.841
1987,2019-04-28 14:53:39.853516,33.493
1988,2019-04-28 14:53:40.923589,1000.0
1989,2019-04-28 14:53:52.962764,32.977
1990,2019-04-28 14:53:54.067007,7.44
1991,2019-04-28 14:53:55.118153,49.037
1992,2019-04-28 14:53:56.200913,7.856
1993,2019-04-28 14:53:57.243494,40.816
1994,2019-04-28 14:53:58.319848,12.243
1995,2019-04-28 14:53:59.418567,32.769
1996,2019-04-28 14:54:00.495253,32.882
1997,2019-04-28 14:54:01.587938,12.507
1998,2019-04-28 14:54:02.651885,32.933
1999,2019-04-28 14:54:03.749697,33.096
2000,2019-04-28 14:54:04.821811,13.638
2001,2019-04-28 14:54:05.865371,33.279
2002,2019-04-28 14:54:06.935131,34.11
2003,2019-04-28 14:54:08.005599,35.369
2004,2019-04-28 14:54:09.094072,7.375
2005,2019-04-28 14:54:10.162217,34.165
2006,2019-04-28 14:54:11.232782,32.548
2007,2019-04-28 14:54:12.303117,8.244
2008,2019-04-28 14:54:13.356870,11.748
2009,2019-04-28 14:54:14.403469,31.936
2010,2019-04-28 14:54:15.470986,32.726
2011,2019-04-28 14:54:16.561208,5.294
2012,2019-04-28 14:54:17.623967,43.359
2013,2019-04-28 14:54:18.728479,32.633
2014,2019-04-28 14:54:19.806455,44.126
2015,2019-04-28 14:54:20.891482,7.995
2016,2019-04-28 14:54:21.955379,38.798
2017,2019-04-28 14:54:23.036993,39.392
2018,2019-04-28 14:54:24.111917,32.065
2019,2019-04-28 14:54:25.179149,32.791
2020,2019-04-28 14:54:26.272333,33.078
2021,2019-04-28 14:54:27.362820,7.901
2022,2019-04-28 14:54:28.411388,39.845
2023,2019-04-28 14:54:29.489387,1000.0
2024,2019-04-28 14:54:41.530684,60.049
2025,2019-04-28 14:54:42.623430,53.352
2026,2019-04-28 14:54:43.708852,52.256
2027,2019-04-28 14:54:44.824564,45.944
2028,2019-04-28 14:54:45.916440,50.03
2029,2019-04-28 14:54:47.006305,34.949
2030,2019-04-28 14:54:48.076187,29.143
2031,2019-04-28 14:54:49.144056,30.112
2032,2019-04-28 14:54:50.208879,33.156
2033,2019-04-28 14:54:51.273469,7.812
2034,2019-04-28 14:54:52.315748,8.554
2035,2019-04-28 14:54:53.389825,32.748
2036,2019-04-28 14:54:54.464359,33.063
2037,2019-04-28 14:54:55.537383,32.209
2038,2019-04-28 14:54:56.611379,36.501
2039,2019-04-28 14:54:57.681494,42.8
2040,2019-04-28 14:54:58.757713,6.994
2041,2019-04-28 14:54:59.799583,19.48
2042,2019-04-28 14:55:00.852525,32.521
2043,2019-04-28 14:55:01.921622,32.446
2044,2019-04-28 14:55:02.990607,3.926
2045,2019-04-28 14:55:04.031256,33.408
2046,2019-04-28 14:55:05.101614,32.958
2047,2019-04-28 14:55:06.173176,7.766
2048,2019-04-28 14:55:07.213659,38.117
2049,2019-04-28 14:55:08.286135,53.043
2050,2019-04-28 14:55:09.377098,11.574
2051,2019-04-28 14:55:10.421150,1000.0
2052,2019-04-28 14:55:22.460719,1000.0
2053,2019-04-28 14:55:34.505949,1000.0
2054,2019-04-28 14:55:46.590032,1000.0
2055,2019-04-28 14:55:58.639898,1000.0
2056,2019-04-28 14:56:10.675999,18.132
2057,2019-04-28 14:56:11.728651,41.17
2058,2019-04-28 14:56:12.800967,1000.0
2059,2019-04-28 14:56:24.839851,1000.0
2060,2019-04-28 14:56:36.872135,1000.0
2061,2019-04-28 14:56:48.905303,1000.0
2062,2019-04-28 14:57:00.939212,24.091
2063,2019-04-28 14:57:02.005139,140.752
2064,2019-04-28 14:57:03.173238,176.369
2065,2019-04-28 14:57:04.392630,1000.0
2066,2019-04-28 14:57:16.425316,1000.0
2067,2019-04-28 14:57:28.455467,38.881
2068,2019-04-28 14:57:29.525614,38.348
2069,2019-04-28 14:57:30.600045,32.655
2070,2019-04-28 14:57:31.660524,57.399
2071,2019-04-28 14:57:32.751474,34.298
2072,2019-04-28 14:57:33.826153,5.567
2073,2019-04-28 14:57:34.882459,12.007
2074,2019-04-28 14:57:35.972497,10.445
2075,2019-04-28 14:57:37.017636,123.75
2076,2019-04-28 14:57:38.177830,39.187
2077,2019-04-28 14:57:39.244770,35.902
2078,2019-04-28 14:57:40.313862,39.544
2079,2019-04-28 14:57:41.386507,1000.0
2080,2019-04-28 14:57:53.425718,31.952
2081,2019-04-28 14:57:54.486516,33.594
2082,2019-04-28 14:57:55.550161,14.848
2083,2019-04-28 14:57:56.597963,31.494
2084,2019-04-28 14:57:57.666571,8.704
2085,2019-04-28 14:57:58.713129,3.814
2086,2019-04-28 14:57:59.753273,82.718
2087,2019-04-28 14:58:00.870596,1000.0
2088,2019-04-28 14:58:12.950440,1000.0
2089,2019-04-28 14:58:24.977982,1000.0
2090,2019-04-28 14:58:37.012081,15.222
2091,2019-04-28 14:58:38.055171,16.013
2092,2019-04-28 14:58:39.105917,8.076
2093,2019-04-28 14:58:40.145896,1000.0
2094,2019-04-28 14:58:52.181238,1000.0
2095,2019-04-28 14:59:04.215364,1000.0
2096,2019-04-28 14:59:16.258436,1000.0
2097,2019-04-28 14:59:28.298636,1000.0
2098,2019-04-28 14:59:40.340075,7.736
2099,2019-04-28 14:59:41.378329,39.053
2100,2019-04-28 14:59:42.453122,35.214
2101,2019-04-28 14:59:43.520075,9.022
2102,2019-04-28 14:59:44.566660,82.328
2103,2019-04-28 14:59:45.679398,17.272
2104,2019-04-28 14:59:46.730036,59.465
2105,2019-04-28 14:59:47.820390,11.288
2106,2019-04-28 14:59:48.864503,9.272
2107,2019-04-28 14:59:49.908387,10.349
2108,2019-04-28 14:59:50.947687,199.879
2109,2019-04-28 14:59:52.186530,11.205
2110,2019-04-28 14:59:53.234454,1000.0
2111,2019-04-28 15:00:05.274857,37.912
2112,2019-04-28 15:00:06.414830,67.194
2113,2019-04-28 15:00:07.518279,38.317
2114,2019-04-28 15:00:08.593356,11.24
2115,2019-04-28 15:00:09.637387,11.172
2116,2019-04-28 15:00:10.687414,34.671
2117,2019-04-28 15:00:11.755386,37.915
2118,2019-04-28 15:00:12.831404,45.702
2119,2019-04-28 15:00:13.909093,1000.0
2120,2019-04-28 15:00:25.952555,771.845
2121,2019-04-28 15:00:27.753241,1000.0
2122,2019-04-28 15:00:39.788938,1000.0
2123,2019-04-28 15:00:51.828791,1000.0
2124,2019-04-28 15:01:03.867058,1000.0
2125,2019-04-28 15:01:15.902749,1000.0
2126,2019-04-28 15:01:27.951840,1000.0
2127,2019-04-28 15:01:40.034939,1000.0
2128,2019-04-28 15:01:52.082951,1000.0
2129,2019-04-28 15:02:04.120610,29.913
2130,2019-04-28 15:02:05.186251,136.806
2131,2019-04-28 15:02:06.362459,23.926
2132,2019-04-28 15:02:07.413236,9.077
2133,2019-04-28 15:02:08.458677,34.879
2134,2019-04-28 15:02:09.528335,1000.0
2135,2019-04-28 15:02:21.563496,1000.0
2136,2019-04-28 15:02:33.604010,2150.874
2137,2019-04-28 15:02:36.785790,115.732
2138,2019-04-28 15:02:37.939515,1000.0
2139,2019-04-28 15:02:49.979325,1366.527
2140,2019-04-28 15:02:52.377777,1000.0
2141,2019-04-28 15:03:04.417414,1000.0
2142,2019-04-28 15:03:16.452129,1000.0
2143,2019-04-28 15:03:28.486814,1000.0
2144,2019-04-28 15:03:40.523985,1000.0
2145,2019-04-28 15:03:52.556997,742.708
2146,2019-04-28 15:03:54.333200,533.505
2147,2019-04-28 15:03:55.900388,855.46
2148,2019-04-28 15:03:57.785689,167.342
2149,2019-04-28 15:03:58.983950,521.957
2150,2019-04-28 15:04:00.538908,180.53
2151,2019-04-28 15:04:01.767887,10.801
2152,2019-04-28 15:04:02.809954,1151.422
2153,2019-04-28 15:04:04.993342,129.336
2154,2019-04-28 15:04:06.157476,15.808
2155,2019-04-28 15:04:07.206810,118.081
2156,2019-04-28 15:04:08.367067,34.196
2157,2019-04-28 15:04:09.448616,8.781
2158,2019-04-28 15:04:10.491327,34.779
2159,2019-04-28 15:04:11.597377,34.264
2160,2019-04-28 15:04:12.662874,25.356
2161,2019-04-28 15:04:13.724864,9.43
2162,2019-04-28 15:04:14.767445,34.104
2163,2019-04-28 15:04:15.835186,45.418
2164,2019-04-28 15:04:16.916864,10.705
2165,2019-04-28 15:04:17.961341,37.114
2166,2019-04-28 15:04:19.032706,37.689
2167,2019-04-28 15:04:20.109392,38.366
2168,2019-04-28 15:04:21.179996,41.371
2169,2019-04-28 15:04:22.254707,34.387
2170,2019-04-28 15:04:23.324341,11.049
2171,2019-04-28 15:04:24.369389,37.926
2172,2019-04-28 15:04:25.441767,37.793
2173,2019-04-28 15:04:26.519924,1000.0
2174,2019-04-28 15:04:38.558540,1000.0
2175,2019-04-28 15:04:50.593048,11.472
2176,2019-04-28 15:04:51.636089,11.983
2177,2019-04-28 15:04:52.682439,7.309
2178,2019-04-28 15:04:53.723979,32.451
2179,2019-04-28 15:04:54.786546,15.36
2180,2019-04-28 15:04:55.835961,8.163
2181,2019-04-28 15:04:56.876395,7.462
2182,2019-04-28 15:04:57.917696,8.897
2183,2019-04-28 15:04:58.956225,7.773
2184,2019-04-28 15:04:59.995833,7.389
2185,2019-04-28 15:05:01.037140,30.278
2186,2019-04-28 15:05:02.104366,33.746
2187,2019-04-28 15:05:03.164629,8.278
2188,2019-04-28 15:05:04.206927,7.858
2189,2019-04-28 15:05:05.250816,9.103
2190,2019-04-28 15:05:06.291709,432.029
2191,2019-04-28 15:05:07.754090,4.772
2192,2019-04-28 15:05:08.793170,177.674
2193,2019-04-28 15:05:10.007861,1000.0
2194,2019-04-28 15:05:22.046171,1000.0
2195,2019-04-28 15:05:34.090502,1000.0
2196,2019-04-28 15:05:46.125283,1000.0
2197,2019-04-28 15:05:58.160864,1000.0
2198,2019-04-28 15:06:10.201991,1000.0
2199,2019-04-28 15:06:22.236224,33.325
2200,2019-04-28 15:06:23.304721,33.476
2201,2019-04-28 15:06:24.378940,8.663
2202,2019-04-28 15:06:25.419943,9.953
2203,2019-04-28 15:06:26.469993,32.603
2204,2019-04-28 15:06:27.535255,33.526
2205,2019-04-28 15:06:28.605100,32.437
2206,2019-04-28 15:06:29.674226,50.771
2207,2019-04-28 15:06:30.757955,32.157
2208,2019-04-28 15:06:31.817469,10.725
2209,2019-04-28 15:06:32.868998,34.613
2210,2019-04-28 15:06:33.939349,32.909
2211,2019-04-28 15:06:35.010093,4.135
2212,2019-04-28 15:06:36.051067,31.939
2213,2019-04-28 15:06:37.120569,31.995
2214,2019-04-28 15:06:38.185386,44.925
2215,2019-04-28 15:06:39.261552,45.521
2216,2019-04-28 15:06:40.345374,35.099
2217,2019-04-28 15:06:41.413529,7.962
2218,2019-04-28 15:06:42.451687,40.692
2219,2019-04-28 15:06:43.527605,32.658
2220,2019-04-28 15:06:44.595764,34.949
2221,2019-04-28 15:06:45.665460,7.513
2222,2019-04-28 15:06:46.705448,89.073
2223,2019-04-28 15:06:47.833231,7.027
2224,2019-04-28 15:06:48.875658,51.12
2225,2019-04-28 15:06:49.962936,37.597
2226,2019-04-28 15:06:51.035809,32.493
2227,2019-04-28 15:06:52.104489,32.502
2228,2019-04-28 15:06:53.170595,9.7
2229,2019-04-28 15:06:54.214770,32.978
2230,2019-04-28 15:06:55.286710,4.298
2231,2019-04-28 15:06:56.325492,1000.0
2232,2019-04-28 15:07:08.363867,31.799
2233,2019-04-28 15:07:09.428637,10.526
2234,2019-04-28 15:07:10.472666,60.941
2235,2019-04-28 15:07:11.569058,8.722
2236,2019-04-28 15:07:12.612747,32.517
2237,2019-04-28 15:07:13.687356,32.509
2238,2019-04-28 15:07:14.753183,31.97
2239,2019-04-28 15:07:15.822592,8.766
2240,2019-04-28 15:07:16.893642,23.555
2241,2019-04-28 15:07:17.961971,44.911
2242,2019-04-28 15:07:19.037698,32.632
2243,2019-04-28 15:07:20.103641,35.063
2244,2019-04-28 15:07:21.171375,32.713
2245,2019-04-28 15:07:22.239407,32.673
2246,2019-04-28 15:07:23.312574,32.629
2247,2019-04-28 15:07:24.380223,8.398
2248,2019-04-28 15:07:25.414731,32.557
2249,2019-04-28 15:07:26.481748,33.288
2250,2019-04-28 15:07:27.546221,7.109
2251,2019-04-28 15:07:28.581124,33.672
2252,2019-04-28 15:07:29.648567,35.801
2253,2019-04-28 15:07:30.718212,8.495
2254,2019-04-28 15:07:31.756965,36.621
2255,2019-04-28 15:07:32.823729,32.337
2256,2019-04-28 15:07:33.891669,16.973
2257,2019-04-28 15:07:34.946237,15.501
2258,2019-04-28 15:07:35.998851,32.666
2259,2019-04-28 15:07:37.067240,34.243
2260,2019-04-28 15:07:38.139985,92.313
2261,2019-04-28 15:07:39.267598,39.823
2262,2019-04-28 15:07:40.343366,35.007
2263,2019-04-28 15:07:41.412640,32.567
2264,2019-04-28 15:07:42.482305,8.636
2265,2019-04-28 15:07:43.524377,37.073
2266,2019-04-28 15:07:44.600593,33.143
2267,2019-04-28 15:07:45.687580,29.027
2268,2019-04-28 15:07:46.751652,43.99
2269,2019-04-28 15:07:47.843586,10.099
2270,2019-04-28 15:07:48.913036,7.806
2271,2019-04-28 15:07:49.957551,7.518
2272,2019-04-28 15:07:50.996291,34.804
2273,2019-04-28 15:07:52.061544,30.721
2274,2019-04-28 15:07:53.126500,34.104
2275,2019-04-28 15:07:54.194222,11.275
2276,2019-04-28 15:07:55.240026,34.181
2277,2019-04-28 15:07:56.307956,10.666
2278,2019-04-28 15:07:57.356064,4.328
2279,2019-04-28 15:07:58.397293,32.675
2280,2019-04-28 15:07:59.465244,8.827
2281,2019-04-28 15:08:00.508039,35.159
2282,2019-04-28 15:08:01.576713,8.335
2283,2019-04-28 15:08:02.619239,33.074
2284,2019-04-28 15:08:03.689344,39.228
2285,2019-04-28 15:08:04.762096,23.808
2286,2019-04-28 15:08:05.822073,32.341
2287,2019-04-28 15:08:06.887870,7.784
2288,2019-04-28 15:08:07.930177,15.527
2289,2019-04-28 15:08:08.980518,32.759
2290,2019-04-28 15:08:10.047698,60.01
2291,2019-04-28 15:08:11.139470,5.078
2292,2019-04-28 15:08:12.173996,31.945
2293,2019-04-28 15:08:13.241652,32.84
2294,2019-04-28 15:08:14.311453,7.328
2295,2019-04-28 15:08:15.348417,29.51
2296,2019-04-28 15:08:16.415586,32.903
2297,2019-04-28 15:08:17.495264,32.885
2298,2019-04-28 15:08:18.569307,8.255
2299,2019-04-28 15:08:19.608050,32.713
2300,2019-04-28 15:08:20.676040,32.611
2301,2019-04-28 15:08:21.742618,13.481
2302,2019-04-28 15:08:22.788639,33.1
2303,2019-04-28 15:08:23.851814,32.681
2304,2019-04-28 15:08:24.921691,9.763
2305,2019-04-28 15:08:25.963120,8.878
2306,2019-04-28 15:08:26.997616,32.552
2307,2019-04-28 15:08:28.059984,32.697
2308,2019-04-28 15:08:29.127340,116.421
2309,2019-04-28 15:08:30.277814,37.594
2310,2019-04-28 15:08:31.345167,33.506
2311,2019-04-28 15:08:32.411013,32.547
2312,2019-04-28 15:08:33.477696,9.186
2313,2019-04-28 15:08:34.523444,38.091
2314,2019-04-28 15:08:35.596416,32.654
2315,2019-04-28 15:08:36.662627,9.48
2316,2019-04-28 15:08:37.705734,33.098
2317,2019-04-28 15:08:38.781207,34.965
2318,2019-04-28 15:08:39.858840,32.484
2319,2019-04-28 15:08:40.931796,8.213
2320,2019-04-28 15:08:41.970377,34.405
2321,2019-04-28 15:08:43.035080,32.778
2322,2019-04-28 15:08:44.101380,7.129
2323,2019-04-28 15:08:45.140948,32.477
2324,2019-04-28 15:08:46.212391,32.792
2325,2019-04-28 15:08:47.278229,62.457
2326,2019-04-28 15:08:48.376949,29.519
2327,2019-04-28 15:08:49.439360,59.08
2328,2019-04-28 15:08:50.533922,32.408
2329,2019-04-28 15:08:51.599520,33.475
2330,2019-04-28 15:08:52.667377,32.815
2331,2019-04-28 15:08:53.732999,31.214
2332,2019-04-28 15:08:54.798970,7.079
2333,2019-04-28 15:08:55.840376,32.533
2334,2019-04-28 15:08:56.910158,32.757
2335,2019-04-28 15:08:57.974388,35.771
2336,2019-04-28 15:08:59.067568,36.446
2337,2019-04-28 15:09:00.136868,32.774
2338,2019-04-28 15:09:01.199148,3.942
2339,2019-04-28 15:09:02.235702,7.844
2340,2019-04-28 15:09:03.276894,32.777
2341,2019-04-28 15:09:04.341504,34.545
2342,2019-04-28 15:09:05.413429,7.703
2343,2019-04-28 15:09:06.456046,8.58
2344,2019-04-28 15:09:07.498876,33.165
2345,2019-04-28 15:09:08.571902,8.071
2346,2019-04-28 15:09:09.614964,7.346
2347,2019-04-28 15:09:10.661390,36.487
2348,2019-04-28 15:09:11.731801,7.225
2349,2019-04-28 15:09:12.775570,36.433
2350,2019-04-28 15:09:13.893694,28.119
2351,2019-04-28 15:09:14.966369,34.397
2352,2019-04-28 15:09:16.030713,32.639
2353,2019-04-28 15:09:17.098662,33.615
2354,2019-04-28 15:09:18.167632,32.859
2355,2019-04-28 15:09:19.267524,34.548
2356,2019-04-28 15:09:20.335462,9.064
2357,2019-04-28 15:09:21.378165,34.99
2358,2019-04-28 15:09:22.465605,32.489
2359,2019-04-28 15:09:23.528606,32.394
2360,2019-04-28 15:09:24.594001,8.54
2361,2019-04-28 15:09:25.646438,33.158
2362,2019-04-28 15:09:26.742429,32.468
2363,2019-04-28 15:09:27.829851,1000.0
2364,2019-04-28 15:09:39.865035,7.893
2365,2019-04-28 15:09:40.907694,46.788
2366,2019-04-28 15:09:41.989502,44.363
2367,2019-04-28 15:09:43.065722,35.196
2368,2019-04-28 15:09:44.137640,4.707
2369,2019-04-28 15:09:45.199714,7.919
2370,2019-04-28 15:09:46.243778,33.253
2371,2019-04-28 15:09:47.309114,1000.0
2372,2019-04-28 15:09:59.339539,30.785
2373,2019-04-28 15:10:00.401063,41.231
2374,2019-04-28 15:10:01.476114,1000.0
2375,2019-04-28 15:10:13.530797,1000.0
2376,2019-04-28 15:10:25.565296,32.783
2377,2019-04-28 15:10:26.627151,37.972
2378,2019-04-28 15:10:27.697626,33.631
2379,2019-04-28 15:10:28.762186,35.813
2380,2019-04-28 15:10:29.836659,32.479
2381,2019-04-28 15:10:30.900248,32.014
2382,2019-04-28 15:10:31.973303,4.949
2383,2019-04-28 15:10:33.007949,34.922
2384,2019-04-28 15:10:34.111812,55.643
2385,2019-04-28 15:10:35.199641,33.49
2386,2019-04-28 15:10:36.271747,35.037
2387,2019-04-28 15:10:37.341515,34.823
2388,2019-04-28 15:10:38.407145,47.273
2389,2019-04-28 15:10:39.481375,5.314
2390,2019-04-28 15:10:40.522563,32.16
2391,2019-04-28 15:10:41.580344,33.076
2392,2019-04-28 15:10:42.641479,33.161
2393,2019-04-28 15:10:43.713904,47.332
2394,2019-04-28 15:10:44.796121,34.382
2395,2019-04-28 15:10:45.872982,7.038
2396,2019-04-28 15:10:46.910804,7.621
2397,2019-04-28 15:10:48.162566,7.008
2398,2019-04-28 15:10:49.200423,33.525
2399,2019-04-28 15:10:50.395914,10.118
2400,2019-04-28 15:10:51.439596,23.057
2401,2019-04-28 15:10:52.495910,32.804
2402,2019-04-28 15:10:53.564293,32.913
2403,2019-04-28 15:10:54.635245,32.589
2404,2019-04-28 15:10:55.703627,38.634
2405,2019-04-28 15:10:56.776426,32.697
2406,2019-04-28 15:10:57.848997,33.826
2407,2019-04-28 15:10:58.911823,8.116
2408,2019-04-28 15:10:59.956931,32.58
2409,2019-04-28 15:11:01.030271,28.187
2410,2019-04-28 15:11:02.104115,7.376
2411,2019-04-28 15:11:03.150764,33.025
2412,2019-04-28 15:11:04.403491,38.832
2413,2019-04-28 15:11:05.473289,54.857
2414,2019-04-28 15:11:06.564874,8.373
2415,2019-04-28 15:11:07.606354,34.54
2416,2019-04-28 15:11:08.675679,32.771
2417,2019-04-28 15:11:09.744321,4.163
2418,2019-04-28 15:11:10.784448,36.539
2419,2019-04-28 15:11:11.855637,32.896
2420,2019-04-28 15:11:12.921351,32.148
2421,2019-04-28 15:11:13.989760,16.43
2422,2019-04-28 15:11:15.039524,32.994
2423,2019-04-28 15:11:16.105530,35.551
2424,2019-04-28 15:11:17.174560,6.551
2425,2019-04-28 15:11:18.216831,32.942
2426,2019-04-28 15:11:19.293532,32.961
2427,2019-04-28 15:11:20.369031,32.222
2428,2019-04-28 15:11:21.436705,34.222
2429,2019-04-28 15:11:22.505836,33.187
2430,2019-04-28 15:11:23.573098,53.689
2431,2019-04-28 15:11:24.658935,35.274
2432,2019-04-28 15:11:25.732233,34.023
2433,2019-04-28 15:11:26.798544,32.822
2434,2019-04-28 15:11:27.866126,3.933
2435,2019-04-28 15:11:28.905432,34.984
2436,2019-04-28 15:11:29.976742,33.098
2437,2019-04-28 15:11:31.045479,61.785
2438,2019-04-28 15:11:32.138927,3.895
2439,2019-04-28 15:11:33.183227,34.038
2440,2019-04-28 15:11:34.381190,32.93
2441,2019-04-28 15:11:35.445391,14.852
2442,2019-04-28 15:11:36.495213,99.236
2443,2019-04-28 15:11:37.624882,32.807
2444,2019-04-28 15:11:38.692678,33.004
2445,2019-04-28 15:11:39.760214,34.476
2446,2019-04-28 15:11:40.830145,33.166
2447,2019-04-28 15:11:41.903189,32.282
2448,2019-04-28 15:11:43.106858,34.158
2449,2019-04-28 15:11:44.172025,8.788
2450,2019-04-28 15:11:45.386594,1000.0
2451,2019-04-28 15:11:57.433759,59.725
2452,2019-04-28 15:11:58.534349,33.018
2453,2019-04-28 15:11:59.852163,19.305
2454,2019-04-28 15:12:00.907579,31.876
2455,2019-04-28 15:12:01.980597,31.711
2456,2019-04-28 15:12:03.045417,32.985
2457,2019-04-28 15:12:04.107364,7.953
2458,2019-04-28 15:12:05.147599,44.847
2459,2019-04-28 15:12:06.229044,32.783
2460,2019-04-28 15:12:07.297840,32.476
2461,2019-04-28 15:12:08.363834,8.797
2462,2019-04-28 15:12:09.428042,58.909
2463,2019-04-28 15:12:10.528179,27.3
2464,2019-04-28 15:12:11.594394,32.593
2465,2019-04-28 15:12:12.658051,38.577
2466,2019-04-28 15:12:13.732305,33.5
2467,2019-04-28 15:12:14.800328,31.48
2468,2019-04-28 15:12:15.868145,1000.0
2469,2019-04-28 15:12:27.913575,33.768
2470,2019-04-28 15:12:28.983289,34.214
2471,2019-04-28 15:12:30.051723,33.183
2472,2019-04-28 15:12:31.117191,8.337
2473,2019-04-28 15:12:32.159254,47.798
2474,2019-04-28 15:12:33.242908,32.239
2475,2019-04-28 15:12:34.313465,66.365
2476,2019-04-28 15:12:35.411034,8.336
2477,2019-04-28 15:12:36.455946,34.871
2478,2019-04-28 15:12:37.528713,32.762
2479,2019-04-28 15:12:38.599740,35.755
2480,2019-04-28 15:12:39.699614,34.854
2481,2019-04-28 15:12:40.767260,34.645
2482,2019-04-28 15:12:41.833480,41.687
2483,2019-04-28 15:12:42.907558,12.264
2484,2019-04-28 15:12:43.952150,32.442
2485,2019-04-28 15:12:45.021543,1000.0
2486,2019-04-28 15:12:57.059219,55.575
2487,2019-04-28 15:12:58.150191,7.528
2488,2019-04-28 15:12:59.195495,61.621
2489,2019-04-28 15:13:00.296121,32.533
2490,2019-04-28 15:13:01.366182,10.875
2491,2019-04-28 15:13:02.407022,11.87
2492,2019-04-28 15:13:03.450229,33.461
2493,2019-04-28 15:13:04.649785,35.769
2494,2019-04-28 15:13:05.720307,34.367
2495,2019-04-28 15:13:06.790035,6.624
2496,2019-04-28 15:13:07.827981,32.64
2497,2019-04-28 15:13:08.897042,33.486
2498,2019-04-28 15:13:09.962415,48.232
2499,2019-04-28 15:13:11.042118,29.878
2500,2019-04-28 15:13:12.106632,34.602
2501,2019-04-28 15:13:13.179332,8.471
2502,2019-04-28 15:13:14.219914,7.972
2503,2019-04-28 15:13:15.264340,32.699
2504,2019-04-28 15:13:16.324294,36.277
2505,2019-04-28 15:13:17.392573,32.264
2506,2019-04-28 15:13:18.455653,33.936
2507,2019-04-28 15:13:19.525604,32.901
2508,2019-04-28 15:13:20.595090,8.411
2509,2019-04-28 15:13:21.636663,8.291
2510,2019-04-28 15:13:22.679852,34.535
2511,2019-04-28 15:13:23.746394,33.543
2512,2019-04-28 15:13:24.819668,1000.0
2513,2019-04-28 15:13:36.851947,21.271
2514,2019-04-28 15:13:37.909307,1000.0
2515,2019-04-28 15:13:49.949495,32.244
2516,2019-04-28 15:13:51.016296,7.19
2517,2019-04-28 15:13:52.060480,33.146
2518,2019-04-28 15:13:53.126653,4.504
2519,2019-04-28 15:13:54.166078,8.789
2520,2019-04-28 15:13:55.209645,9.406
2521,2019-04-28 15:13:56.253042,117.329
2522,2019-04-28 15:13:57.404608,1000.0
2523,2019-04-28 15:14:09.445556,32.698
2524,2019-04-28 15:14:10.512742,32.413
2525,2019-04-28 15:14:11.577379,7.877
2526,2019-04-28 15:14:12.621438,9.724
2527,2019-04-28 15:14:13.669630,33.672
2528,2019-04-28 15:14:14.740066,32.538
2529,2019-04-28 15:14:15.812391,34.335
2530,2019-04-28 15:14:16.892494,52.56
2531,2019-04-28 15:14:18.012508,31.977
2532,2019-04-28 15:14:19.130044,32.439
2533,2019-04-28 15:14:20.203216,4.396
2534,2019-04-28 15:14:21.238074,32.224
2535,2019-04-28 15:14:22.304153,16.231
2536,2019-04-28 15:14:23.368282,7.27
2537,2019-04-28 15:14:24.409163,38.507
2538,2019-04-28 15:14:25.523418,33.123
2539,2019-04-28 15:14:26.607151,8.343
2540,2019-04-28 15:14:27.647666,8.273
2541,2019-04-28 15:14:28.688365,33.934
2542,2019-04-28 15:14:29.752902,43.178
2543,2019-04-28 15:14:30.822110,35.069
2544,2019-04-28 15:14:32.022565,32.803
2545,2019-04-28 15:14:33.099021,47.23
2546,2019-04-28 15:14:34.176584,35.225
2547,2019-04-28 15:14:35.245087,33.519
2548,2019-04-28 15:14:36.312479,32.462
2549,2019-04-28 15:14:37.378372,7.193
2550,2019-04-28 15:14:38.415512,7.44
2551,2019-04-28 15:14:39.456600,33.419
2552,2019-04-28 15:14:40.523370,32.95
2553,2019-04-28 15:14:41.588510,33.555
2554,2019-04-28 15:14:42.655186,20.112
2555,2019-04-28 15:14:43.703496,34.589
2556,2019-04-28 15:14:44.773145,8.351
2557,2019-04-28 15:14:45.831270,33.956
2558,2019-04-28 15:14:46.893564,39.488
2559,2019-04-28 15:14:48.049563,18.654
2560,2019-04-28 15:14:49.106311,33.079
2561,2019-04-28 15:14:50.173964,9.177
2562,2019-04-28 15:14:51.216569,8.865
2563,2019-04-28 15:14:52.267825,38.003
2564,2019-04-28 15:14:53.342671,6.177
2565,2019-04-28 15:14:54.504123,32.844
2566,2019-04-28 15:14:55.570043,32.935
2567,2019-04-28 15:14:56.646763,1000.0
2568,2019-04-28 15:15:08.702249,11.037
2569,2019-04-28 15:15:09.756654,37.657
2570,2019-04-28 15:15:10.834562,35.2
